hoja,celda,formula,constante_detectada,impacto
IVA Dptos,C1,=39850,39850,BAJO
IVA Dptos,E8,=(D8/1.18)*0.18,1.18,BAJO
IVA Dptos,E8,=(D8/1.18)*0.18,0.18,BAJO
IVA Dptos,F8,=E8/0.19,0.19,BAJO
IVA Dptos,E9,=(D9/1.18)*0.18,1.18,BAJO
IVA Dptos,E9,=(D9/1.18)*0.18,0.18,BAJO
IVA Dptos,F9,=E9/0.19,0.19,BAJO
IVA Dptos,E10,=(D10/1.18)*0.18,1.18,BAJO
IVA Dptos,E10,=(D10/1.18)*0.18,0.18,BAJO
IVA Dptos,F10,=E10/0.19,0.19,BAJO
IVA Dptos,E11,=(D11/1.18)*0.18,1.18,BAJO
IVA Dptos,E11,=(D11/1.18)*0.18,0.18,BAJO
IVA Dptos,F11,=E11/0.19,0.19,BAJO
IVA Dptos,E12,=(D12/1.18)*0.18,1.18,BAJO
IVA Dptos,E12,=(D12/1.18)*0.18,0.18,BAJO
IVA Dptos,F12,=E12/0.19,0.19,BAJO
IVA Dptos,E13,=(D13/1.18)*0.18,1.18,BAJO
IVA Dptos,E13,=(D13/1.18)*0.18,0.18,BAJO
IVA Dptos,F13,=E13/0.19,0.19,BAJO
IVA Dptos,E14,=(D14/1.18)*0.18,1.18,BAJO
IVA Dptos,E14,=(D14/1.18)*0.18,0.18,BAJO
IVA Dptos,F14,=E14/0.19,0.19,BAJO
IVA Dptos,E15,=(D15/1.18)*0.18,1.18,BAJO
IVA Dptos,E15,=(D15/1.18)*0.18,0.18,BAJO
IVA Dptos,F15,=E15/0.19,0.19,BAJO
IVA Dptos,E16,=(D16/1.18)*0.18,1.18,BAJO
IVA Dptos,E16,=(D16/1.18)*0.18,0.18,BAJO
IVA Dptos,F16,=E16/0.19,0.19,BAJO
IVA Dptos,E17,=(D17/1.18)*0.18,1.18,BAJO
IVA Dptos,E17,=(D17/1.18)*0.18,0.18,BAJO
IVA Dptos,F17,=E17/0.19,0.19,BAJO
IVA Dptos,E18,=(D18/1.18)*0.18,1.18,BAJO
IVA Dptos,E18,=(D18/1.18)*0.18,0.18,BAJO
IVA Dptos,F18,=E18/0.19,0.19,BAJO
IVA Dptos,E19,=(D19/1.18)*0.18,1.18,BAJO
IVA Dptos,E19,=(D19/1.18)*0.18,0.18,BAJO
IVA Dptos,F19,=E19/0.19,0.19,BAJO
IVA Dptos,E20,=(D20/1.18)*0.18,1.18,BAJO
IVA Dptos,E20,=(D20/1.18)*0.18,0.18,BAJO
IVA Dptos,F20,=E20/0.19,0.19,BAJO
IVA Dptos,E21,=(D21/1.18)*0.18,1.18,BAJO
IVA Dptos,E21,=(D21/1.18)*0.18,0.18,BAJO
IVA Dptos,F21,=E21/0.19,0.19,BAJO
IVA Dptos,E22,=(D22/1.18)*0.18,1.18,BAJO
IVA Dptos,E22,=(D22/1.18)*0.18,0.18,BAJO
IVA Dptos,F22,=E22/0.19,0.19,BAJO
IVA Dptos,E23,=(D23/1.18)*0.18,1.18,BAJO
IVA Dptos,E23,=(D23/1.18)*0.18,0.18,BAJO
IVA Dptos,F52,=F48*0.08,0.08,BAJO
Hoja1,E3,='IVA Dptos'!M8*0.8,0.8,BAJO
Hoja1,F3,='IVA Dptos'!O8*0.8,0.8,BAJO
Hoja1,O3,"=VLOOKUP(M3,$B$3:$K$17,10,0)",10,MEDIO
Hoja1,E4,='IVA Dptos'!M9*0.8,0.8,BAJO
Hoja1,F4,='IVA Dptos'!O9*0.8,0.8,BAJO
Hoja1,O4,"=VLOOKUP(M4,$B$3:$K$17,10,0)",10,MEDIO
Hoja1,E5,='IVA Dptos'!M10*0.8,0.8,BAJO
Hoja1,F5,='IVA Dptos'!O10*0.8,0.8,BAJO
Hoja1,O5,"=VLOOKUP(M5,$B$3:$K$17,10,0)",10,MEDIO
Hoja1,E6,='IVA Dptos'!M11*0.8,0.8,BAJO
Hoja1,F6,='IVA Dptos'!O11*0.8,0.8,BAJO
Hoja1,O6,"=VLOOKUP(M6,$B$3:$K$17,10,0)",10,MEDIO
Hoja1,E7,='IVA Dptos'!M12*0.8,0.8,BAJO
Hoja1,F7,='IVA Dptos'!O12*0.8,0.8,BAJO
Hoja1,O7,"=VLOOKUP(M7,$B$3:$K$17,10,0)",10,MEDIO
Hoja1,E8,='IVA Dptos'!M13*0.8,0.8,BAJO
Hoja1,F8,='IVA Dptos'!O13*0.8,0.8,BAJO
Hoja1,O8,"=VLOOKUP(M8,$B$3:$K$17,10,0)",10,MEDIO
Hoja1,E9,='IVA Dptos'!M14*0.8,0.8,BAJO
Hoja1,F9,='IVA Dptos'!O14*0.8,0.8,BAJO
Hoja1,O9,"=VLOOKUP(M9,$B$3:$K$17,10,0)",10,MEDIO
Hoja1,E10,='IVA Dptos'!M15*0.8,0.8,BAJO
Hoja1,F10,='IVA Dptos'!O15*0.8,0.8,BAJO
Hoja1,O10,"=VLOOKUP(M10,$B$3:$K$17,10,0)",10,MEDIO
Hoja1,E11,='IVA Dptos'!M16*0.8,0.8,BAJO
Hoja1,F11,='IVA Dptos'!O16*0.8,0.8,BAJO
Hoja1,O11,"=VLOOKUP(M11,$B$3:$K$17,10,0)",10,MEDIO
Hoja1,E12,='IVA Dptos'!M17*0.8,0.8,BAJO
Hoja1,F12,='IVA Dptos'!O17*0.8,0.8,BAJO
Hoja1,O12,"=VLOOKUP(M12,$B$3:$K$17,10,0)",10,MEDIO
Hoja1,E13,='IVA Dptos'!M18*0.8,0.8,BAJO
Hoja1,F13,='IVA Dptos'!O18*0.8,0.8,BAJO
Hoja1,O13,"=VLOOKUP(M13,$B$3:$K$17,10,0)",10,MEDIO
Hoja1,E14,='IVA Dptos'!M19*0.8,0.8,BAJO
Hoja1,F14,='IVA Dptos'!O19*0.8,0.8,BAJO
Hoja1,O14,"=VLOOKUP(M14,$B$3:$K$17,10,0)",10,MEDIO
Hoja1,E15,='IVA Dptos'!M20*0.8,0.8,BAJO
Hoja1,F15,='IVA Dptos'!O20*0.8,0.8,BAJO
Hoja1,O15,"=VLOOKUP(M15,$B$3:$K$17,10,0)",10,MEDIO
Hoja1,E16,='IVA Dptos'!M21*0.8,0.8,BAJO
Hoja1,F16,='IVA Dptos'!O21*0.8,0.8,BAJO
Hoja1,O16,"=VLOOKUP(M16,$B$3:$K$17,10,0)",10,MEDIO
Hoja1,E17,='IVA Dptos'!M22*0.8,0.8,BAJO
Hoja1,F17,='IVA Dptos'!O22*0.8,0.8,BAJO
Hoja1,O17,"=VLOOKUP(M17,$B$3:$K$17,10,0)",10,MEDIO
Arriendo,I4,=H4/12,12,BAJO
Arriendo,K4,=J4*19%,19,BAJO
Arriendo,I5,=H5/12,12,BAJO
Arriendo,K5,=J5*19%,19,BAJO
Arriendo,I6,=H6/12,12,BAJO
Arriendo,K6,=J6*19%,19,BAJO
Arriendo,I7,=H7/12,12,BAJO
Arriendo,K7,=J7*19%,19,BAJO
Arriendo,I8,=H8/12,12,BAJO
Arriendo,K8,=J8*19%,19,BAJO
Arriendo,I9,=H9/12,12,BAJO
Arriendo,K9,=J9*19%,19,BAJO
Arriendo,I10,=H10/12,12,BAJO
Arriendo,K10,=J10*19%,19,BAJO
Arriendo,I11,=H11/12,12,BAJO
Arriendo,K11,=J11*19%,19,BAJO
Arriendo,I12,=H12/12,12,BAJO
Arriendo,K12,=J12*19%,19,BAJO
Arriendo,I13,=H13/12,12,BAJO
Arriendo,K13,=J13*19%,19,BAJO
Arriendo,I14,=H14/12,12,BAJO
Arriendo,K14,=J14*19%,19,BAJO
Arriendo,I15,=H15/12,12,BAJO
Arriendo,K15,=J15*19%,19,BAJO
Arriendo,I16,=H16/12,12,BAJO
Arriendo,K16,=J16*19%,19,BAJO
Arriendo,Q16,=500000,500000,BAJO
Arriendo,I17,=H17/12,12,BAJO
Arriendo,K17,=J17*19%,19,BAJO
Arriendo,I18,=H18/12,12,BAJO
Arriendo,K18,=J18*19%,19,BAJO
Arriendo,O19,=50%,50,BAJO
Flujo mensual,G5,=C11*0.19,0.19,BAJO
Flujo mensual,E15,=Arriendo!$R$19*2,2,BAJO
Flujo mensual,F15,=Arriendo!$R$19*2,2,BAJO
Flujo mensual,G15,=Arriendo!$R$19*2,2,BAJO
Flujo mensual,H15,=Arriendo!$R$19*2,2,BAJO
Flujo mensual,I15,=Arriendo!$R$19*4,4,BAJO
Flujo mensual,J15,=Arriendo!$R$19*3,3,BAJO
Flujo mensual,E16,=Arriendo!$R$22*13,13,BAJO
Flujo mensual,F16,=Arriendo!$R$22*11,11,BAJO
Flujo mensual,G16,=Arriendo!$R$22*9,9,BAJO
Flujo mensual,H16,=Arriendo!$R$22*7,7,BAJO
Flujo mensual,I16,=Arriendo!$R$22*3,3,BAJO
Flujo mensual,E17,=Arriendo!$R$31*2,2,BAJO
Flujo mensual,F17,=Arriendo!$R$31*4,4,BAJO
Flujo mensual,G17,=Arriendo!$R$31*6,6,BAJO
Flujo mensual,H17,=Arriendo!$R$31*8,8,BAJO
Flujo mensual,I17,=Arriendo!$R$31*12,12,BAJO
Flujo mensual,J17,=Arriendo!$R$31*15,15,BAJO
Flujo 5 años C12,G3,='Flujo mensual'!$O$4*12*0.9,12,BAJO
Flujo 5 años C12,G3,='Flujo mensual'!$O$4*12*0.9,0.9,BAJO
Flujo 5 años C12,H3,='Flujo mensual'!$O$4*12*0.9,12,BAJO
Flujo 5 años C12,H3,='Flujo mensual'!$O$4*12*0.9,0.9,BAJO
Flujo 5 años C12,I3,='Flujo mensual'!$O$4*12*0.9,12,BAJO
Flujo 5 años C12,I3,='Flujo mensual'!$O$4*12*0.9,0.9,BAJO
Flujo 5 años C12,J3,='Flujo mensual'!$O$4*12*0.9,12,BAJO
Flujo 5 años C12,J3,='Flujo mensual'!$O$4*12*0.9,0.9,BAJO
Flujo 5 años C12,J6,='IVA Dptos'!AD23*0.9,0.9,BAJO
Flujo 5 años C12,G17,='Flujo mensual'!$O$17*12*0.9,12,BAJO
Flujo 5 años C12,G17,='Flujo mensual'!$O$17*12*0.9,0.9,BAJO
Flujo 5 años C12,H17,='Flujo mensual'!$O$17*12*0.9,12,BAJO
Flujo 5 años C12,H17,='Flujo mensual'!$O$17*12*0.9,0.9,BAJO
Flujo 5 años C12,I17,='Flujo mensual'!$O$17*12*0.9,12,BAJO
Flujo 5 años C12,I17,='Flujo mensual'!$O$17*12*0.9,0.9,BAJO
Flujo 5 años C12,J17,='Flujo mensual'!$O$17*12*0.9,12,BAJO
Flujo 5 años C12,J17,='Flujo mensual'!$O$17*12*0.9,0.9,BAJO
Flujo 5 años C12,G20,='Flujo mensual'!$O$20*12,12,BAJO
Flujo 5 años C12,H20,='Flujo mensual'!$O$20*12,12,BAJO
Flujo 5 años C12,I20,='Flujo mensual'!$O$20*12,12,BAJO
Flujo 5 años C12,J20,='Flujo mensual'!$O$20*12,12,BAJO
Flujo 5 años C12 (2),G5,='Flujo mensual'!$O$4*12*0.9,12,BAJO
Flujo 5 años C12 (2),G5,='Flujo mensual'!$O$4*12*0.9,0.9,BAJO
Flujo 5 años C12 (2),H5,='Flujo mensual'!$O$4*12*0.9,12,BAJO
Flujo 5 años C12 (2),H5,='Flujo mensual'!$O$4*12*0.9,0.9,BAJO
Flujo 5 años C12 (2),I5,='Flujo mensual'!$O$4*12*0.9,12,BAJO
Flujo 5 años C12 (2),I5,='Flujo mensual'!$O$4*12*0.9,0.9,BAJO
Flujo 5 años C12 (2),J5,='Flujo mensual'!$O$4*12*0.9,12,BAJO
Flujo 5 años C12 (2),J5,='Flujo mensual'!$O$4*12*0.9,0.9,BAJO
Flujo 5 años C12 (2),G19,='Flujo mensual'!$O$17*12*0.9,12,BAJO
Flujo 5 años C12 (2),G19,='Flujo mensual'!$O$17*12*0.9,0.9,BAJO
Flujo 5 años C12 (2),H19,='Flujo mensual'!$O$17*12*0.9,12,BAJO
Flujo 5 años C12 (2),H19,='Flujo mensual'!$O$17*12*0.9,0.9,BAJO
Flujo 5 años C12 (2),I19,='Flujo mensual'!$O$17*12*0.9,12,BAJO
Flujo 5 años C12 (2),I19,='Flujo mensual'!$O$17*12*0.9,0.9,BAJO
Flujo 5 años C12 (2),J19,='Flujo mensual'!$O$17*12*0.9,12,BAJO
Flujo 5 años C12 (2),J19,='Flujo mensual'!$O$17*12*0.9,0.9,BAJO
Flujo 5 años C12 (2),G22,='Flujo mensual'!$O$20*12,12,BAJO
Flujo 5 años C12 (2),H22,='Flujo mensual'!$O$20*12,12,BAJO
Flujo 5 años C12 (2),I22,='Flujo mensual'!$O$20*12,12,BAJO
Flujo 5 años C12 (2),J22,='Flujo mensual'!$O$20*12,12,BAJO
Crédito Comercial 12A,E3,=118000,118000,BAJO
Crédito Comercial 12A,D6,=D5/12,12,BAJO
Crédito Comercial 12A,D7,=12*12,12,BAJO
Crédito Comercial 12A,D8,=D7/12,12,BAJO
Crédito Comercial 12A,H9,"=PMT($D$5/12,$D$7,$D$4)",12,MEDIO
Crédito Comercial 12A,H10,"=PMT($D$5/12,$D$7,$D$4)",12,MEDIO
Crédito Comercial 12A,H11,"=PMT($D$5/12,$D$7,$D$4)",12,MEDIO
Crédito Comercial 12A,H12,"=PMT($D$5/12,$D$7,$D$4)",12,MEDIO
Crédito Comercial 12A,H13,"=PMT($D$5/12,$D$7,$D$4)",12,MEDIO
Crédito Comercial 12A,H14,"=PMT($D$5/12,$D$7,$D$4)",12,MEDIO
Crédito Comercial 12A,H15,"=PMT($D$5/12,$D$7,$D$4)",12,MEDIO
Crédito Comercial 12A,H16,"=PMT($D$5/12,$D$7,$D$4)",12,MEDIO
Crédito Comercial 12A,H17,"=PMT($D$5/12,$D$7,$D$4)",12,MEDIO
Crédito Comercial 12A,H18,"=PMT($D$5/12,$D$7,$D$4)",12,MEDIO
Crédito Comercial 12A,H19,"=PMT($D$5/12,$D$7,$D$4)",12,MEDIO
Crédito Comercial 12A,H20,"=PMT($D$5/12,$D$7,$D$4)",12,MEDIO
Crédito Comercial 12A,H21,"=PMT($D$5/12,$D$7,$D$4)",12,MEDIO
Crédito Comercial 12A,H22,"=PMT($D$5/12,$D$7,$D$4)",12,MEDIO
Crédito Comercial 12A,H23,"=PMT($D$5/12,$D$7,$D$4)",12,MEDIO
Crédito Comercial 12A,H24,"=PMT($D$5/12,$D$7,$D$4)",12,MEDIO
Crédito Comercial 12A,H25,"=PMT($D$5/12,$D$7,$D$4)",12,MEDIO
Crédito Comercial 12A,H26,"=PMT($D$5/12,$D$7,$D$4)",12,MEDIO
Crédito Comercial 12A,H27,"=PMT($D$5/12,$D$7,$D$4)",12,MEDIO
Crédito Comercial 12A,H28,"=PMT($D$5/12,$D$7,$D$4)",12,MEDIO
Crédito Comercial 12A,H29,"=PMT($D$5/12,$D$7,$D$4)",12,MEDIO
Crédito Comercial 12A,H30,"=PMT($D$5/12,$D$7,$D$4)",12,MEDIO
Crédito Comercial 12A,H31,"=PMT($D$5/12,$D$7,$D$4)",12,MEDIO
Crédito Comercial 12A,H32,"=PMT($D$5/12,$D$7,$D$4)",12,MEDIO
Crédito Comercial 12A,H33,"=PMT($D$5/12,$D$7,$D$4)",12,MEDIO
Crédito Comercial 12A,H34,"=PMT($D$5/12,$D$7,$D$4)",12,MEDIO
Crédito Comercial 12A,H35,"=PMT($D$5/12,$D$7,$D$4)",12,MEDIO
Crédito Comercial 12A,H36,"=PMT($D$5/12,$D$7,$D$4)",12,MEDIO
Crédito Comercial 12A,H37,"=PMT($D$5/12,$D$7,$D$4)",12,MEDIO
Crédito Comercial 12A,H38,"=PMT($D$5/12,$D$7,$D$4)",12,MEDIO
Crédito Comercial 12A,H39,"=PMT($D$5/12,$D$7,$D$4)",12,MEDIO
Crédito Comercial 12A,H40,"=PMT($D$5/12,$D$7,$D$4)",12,MEDIO
Crédito Comercial 12A,H41,"=PMT($D$5/12,$D$7,$D$4)",12,MEDIO
Crédito Comercial 12A,H42,"=PMT($D$5/12,$D$7,$D$4)",12,MEDIO
Crédito Comercial 12A,H43,"=PMT($D$5/12,$D$7,$D$4)",12,MEDIO
Crédito Comercial 12A,H44,"=PMT($D$5/12,$D$7,$D$4)",12,MEDIO
Crédito Comercial 12A,H45,"=PMT($D$5/12,$D$7,$D$4)",12,MEDIO
Crédito Comercial 12A,H46,"=PMT($D$5/12,$D$7,$D$4)",12,MEDIO
Crédito Comercial 12A,H47,"=PMT($D$5/12,$D$7,$D$4)",12,MEDIO
Crédito Comercial 12A,H48,"=PMT($D$5/12,$D$7,$D$4)",12,MEDIO
Crédito Comercial 12A,H49,"=PMT($D$5/12,$D$7,$D$4)",12,MEDIO
Crédito Comercial 12A,H50,"=PMT($D$5/12,$D$7,$D$4)",12,MEDIO
Crédito Comercial 12A,H51,"=PMT($D$5/12,$D$7,$D$4)",12,MEDIO
Crédito Comercial 12A,H52,"=PMT($D$5/12,$D$7,$D$4)",12,MEDIO
Crédito Comercial 12A,H53,"=PMT($D$5/12,$D$7,$D$4)",12,MEDIO
Crédito Comercial 12A,H54,"=PMT($D$5/12,$D$7,$D$4)",12,MEDIO
Crédito Comercial 12A,H55,"=PMT($D$5/12,$D$7,$D$4)",12,MEDIO
Crédito Comercial 12A,H56,"=PMT($D$5/12,$D$7,$D$4)",12,MEDIO
Crédito Comercial 12A,H57,"=PMT($D$5/12,$D$7,$D$4)",12,MEDIO
Crédito Comercial 12A,H58,"=PMT($D$5/12,$D$7,$D$4)",12,MEDIO
Crédito Comercial 12A,H59,"=PMT($D$5/12,$D$7,$D$4)",12,MEDIO
Crédito Comercial 12A,H60,"=PMT($D$5/12,$D$7,$D$4)",12,MEDIO
Crédito Comercial 12A,H61,"=PMT($D$5/12,$D$7,$D$4)",12,MEDIO
Crédito Comercial 12A,H62,"=PMT($D$5/12,$D$7,$D$4)",12,MEDIO
Crédito Comercial 12A,H63,"=PMT($D$5/12,$D$7,$D$4)",12,MEDIO
Crédito Comercial 12A,H64,"=PMT($D$5/12,$D$7,$D$4)",12,MEDIO
Crédito Comercial 12A,H65,"=PMT($D$5/12,$D$7,$D$4)",12,MEDIO
Crédito Comercial 12A,H66,"=PMT($D$5/12,$D$7,$D$4)",12,MEDIO
Crédito Comercial 12A,H67,"=PMT($D$5/12,$D$7,$D$4)",12,MEDIO
Crédito Comercial 12A,H68,"=PMT($D$5/12,$D$7,$D$4)",12,MEDIO
Crédito Comercial 12A,H69,"=PMT($D$5/12,$D$7,$D$4)",12,MEDIO
Crédito Comercial 12A,H70,"=PMT($D$5/12,$D$7,$D$4)",12,MEDIO
Crédito Comercial 12A,H71,"=PMT($D$5/12,$D$7,$D$4)",12,MEDIO
Crédito Comercial 12A,H72,"=PMT($D$5/12,$D$7,$D$4)",12,MEDIO
Crédito Comercial 12A,H73,"=PMT($D$5/12,$D$7,$D$4)",12,MEDIO
Crédito Comercial 12A,H74,"=PMT($D$5/12,$D$7,$D$4)",12,MEDIO
Crédito Comercial 12A,H75,"=PMT($D$5/12,$D$7,$D$4)",12,MEDIO
Crédito Comercial 12A,H76,"=PMT($D$5/12,$D$7,$D$4)",12,MEDIO
Crédito Comercial 12A,H77,"=PMT($D$5/12,$D$7,$D$4)",12,MEDIO
Crédito Comercial 12A,H78,"=PMT($D$5/12,$D$7,$D$4)",12,MEDIO
Crédito Comercial 12A,H79,"=PMT($D$5/12,$D$7,$D$4)",12,MEDIO
Crédito Comercial 12A,H80,"=PMT($D$5/12,$D$7,$D$4)",12,MEDIO
Crédito Comercial 12A,H81,"=PMT($D$5/12,$D$7,$D$4)",12,MEDIO
Crédito Comercial 12A,H82,"=PMT($D$5/12,$D$7,$D$4)",12,MEDIO
Crédito Comercial 12A,H83,"=PMT($D$5/12,$D$7,$D$4)",12,MEDIO
Crédito Comercial 12A,H84,"=PMT($D$5/12,$D$7,$D$4)",12,MEDIO
Crédito Comercial 12A,H85,"=PMT($D$5/12,$D$7,$D$4)",12,MEDIO
Crédito Comercial 12A,H86,"=PMT($D$5/12,$D$7,$D$4)",12,MEDIO
Crédito Comercial 12A,H87,"=PMT($D$5/12,$D$7,$D$4)",12,MEDIO
Crédito Comercial 12A,H88,"=PMT($D$5/12,$D$7,$D$4)",12,MEDIO
Crédito Comercial 12A,H89,"=PMT($D$5/12,$D$7,$D$4)",12,MEDIO
Crédito Comercial 12A,H90,"=PMT($D$5/12,$D$7,$D$4)",12,MEDIO
Crédito Comercial 12A,H91,"=PMT($D$5/12,$D$7,$D$4)",12,MEDIO
Crédito Comercial 12A,H92,"=PMT($D$5/12,$D$7,$D$4)",12,MEDIO
Crédito Comercial 12A,H93,"=PMT($D$5/12,$D$7,$D$4)",12,MEDIO
Crédito Comercial 12A,H94,"=PMT($D$5/12,$D$7,$D$4)",12,MEDIO
Crédito Comercial 12A,H95,"=PMT($D$5/12,$D$7,$D$4)",12,MEDIO
Crédito Comercial 12A,H96,"=PMT($D$5/12,$D$7,$D$4)",12,MEDIO
Crédito Comercial 12A,H97,"=PMT($D$5/12,$D$7,$D$4)",12,MEDIO
Crédito Comercial 12A,H98,"=PMT($D$5/12,$D$7,$D$4)",12,MEDIO
Crédito Comercial 12A,H99,"=PMT($D$5/12,$D$7,$D$4)",12,MEDIO
Crédito Comercial 12A,H100,"=PMT($D$5/12,$D$7,$D$4)",12,MEDIO
Crédito Comercial 12A,H101,"=PMT($D$5/12,$D$7,$D$4)",12,MEDIO
Crédito Comercial 12A,H102,"=PMT($D$5/12,$D$7,$D$4)",12,MEDIO
Crédito Comercial 12A,H103,"=PMT($D$5/12,$D$7,$D$4)",12,MEDIO
Crédito Comercial 12A,H104,"=PMT($D$5/12,$D$7,$D$4)",12,MEDIO
Crédito Comercial 12A,H105,"=PMT($D$5/12,$D$7,$D$4)",12,MEDIO
Crédito Comercial 12A,H106,"=PMT($D$5/12,$D$7,$D$4)",12,MEDIO
Crédito Comercial 12A,H107,"=PMT($D$5/12,$D$7,$D$4)",12,MEDIO
Crédito Comercial 12A,H108,"=PMT($D$5/12,$D$7,$D$4)",12,MEDIO
Crédito Comercial 12A,H109,"=PMT($D$5/12,$D$7,$D$4)",12,MEDIO
Crédito Comercial 12A,H110,"=PMT($D$5/12,$D$7,$D$4)",12,MEDIO
Crédito Comercial 12A,H111,"=PMT($D$5/12,$D$7,$D$4)",12,MEDIO
Crédito Comercial 12A,H112,"=PMT($D$5/12,$D$7,$D$4)",12,MEDIO
Crédito Comercial 12A,H113,"=PMT($D$5/12,$D$7,$D$4)",12,MEDIO
Crédito Comercial 12A,H114,"=PMT($D$5/12,$D$7,$D$4)",12,MEDIO
Crédito Comercial 12A,H115,"=PMT($D$5/12,$D$7,$D$4)",12,MEDIO
Crédito Comercial 12A,H116,"=PMT($D$5/12,$D$7,$D$4)",12,MEDIO
Crédito Comercial 12A,H117,"=PMT($D$5/12,$D$7,$D$4)",12,MEDIO
Crédito Comercial 12A,H118,"=PMT($D$5/12,$D$7,$D$4)",12,MEDIO
Crédito Comercial 12A,H119,"=PMT($D$5/12,$D$7,$D$4)",12,MEDIO
Crédito Comercial 12A,H120,"=PMT($D$5/12,$D$7,$D$4)",12,MEDIO
Crédito Comercial 12A,H121,"=PMT($D$5/12,$D$7,$D$4)",12,MEDIO
Crédito Comercial 12A,H122,"=PMT($D$5/12,$D$7,$D$4)",12,MEDIO
Crédito Comercial 12A,H123,"=PMT($D$5/12,$D$7,$D$4)",12,MEDIO
Crédito Comercial 12A,H124,"=PMT($D$5/12,$D$7,$D$4)",12,MEDIO
Crédito Comercial 12A,H125,"=PMT($D$5/12,$D$7,$D$4)",12,MEDIO
Crédito Comercial 12A,H126,"=PMT($D$5/12,$D$7,$D$4)",12,MEDIO
Crédito Comercial 12A,H127,"=PMT($D$5/12,$D$7,$D$4)",12,MEDIO
Crédito Comercial 12A,H128,"=PMT($D$5/12,$D$7,$D$4)",12,MEDIO
Crédito Comercial 12A,H129,"=PMT($D$5/12,$D$7,$D$4)",12,MEDIO
Crédito Comercial 12A,H130,"=PMT($D$5/12,$D$7,$D$4)",12,MEDIO
Crédito Comercial 12A,H131,"=PMT($D$5/12,$D$7,$D$4)",12,MEDIO
Crédito Comercial 12A,H132,"=PMT($D$5/12,$D$7,$D$4)",12,MEDIO
Crédito Comercial 12A,H133,"=PMT($D$5/12,$D$7,$D$4)",12,MEDIO
Crédito Comercial 12A,H134,"=PMT($D$5/12,$D$7,$D$4)",12,MEDIO
Crédito Comercial 12A,H135,"=PMT($D$5/12,$D$7,$D$4)",12,MEDIO
Crédito Comercial 12A,H136,"=PMT($D$5/12,$D$7,$D$4)",12,MEDIO
Crédito Comercial 12A,H137,"=PMT($D$5/12,$D$7,$D$4)",12,MEDIO
Crédito Comercial 12A,H138,"=PMT($D$5/12,$D$7,$D$4)",12,MEDIO
Crédito Comercial 12A,H139,"=PMT($D$5/12,$D$7,$D$4)",12,MEDIO
Crédito Comercial 12A,H140,"=PMT($D$5/12,$D$7,$D$4)",12,MEDIO
Crédito Comercial 12A,H141,"=PMT($D$5/12,$D$7,$D$4)",12,MEDIO
Crédito Comercial 12A,H142,"=PMT($D$5/12,$D$7,$D$4)",12,MEDIO
Crédito Comercial 12A,H143,"=PMT($D$5/12,$D$7,$D$4)",12,MEDIO
Crédito Comercial 12A,H144,"=PMT($D$5/12,$D$7,$D$4)",12,MEDIO
Crédito Comercial 12A,H145,"=PMT($D$5/12,$D$7,$D$4)",12,MEDIO
Crédito Comercial 12A,H146,"=PMT($D$5/12,$D$7,$D$4)",12,MEDIO
Crédito Comercial 12A,H147,"=PMT($D$5/12,$D$7,$D$4)",12,MEDIO
Crédito Comercial 12A,H148,"=PMT($D$5/12,$D$7,$D$4)",12,MEDIO
Crédito Comercial 12A,H149,"=PMT($D$5/12,$D$7,$D$4)",12,MEDIO
Crédito Comercial 12A,H150,"=PMT($D$5/12,$D$7,$D$4)",12,MEDIO
Crédito Comercial 12A,H151,"=PMT($D$5/12,$D$7,$D$4)",12,MEDIO
Crédito C12,E7,=D5*$B$1/12,12,BAJO
Crédito C12,F7,=E5*$B$1/12,12,BAJO
Crédito C12,G7,=F5*$B$1/12,12,BAJO
Crédito C12,H7,=G5*$B$1/12,12,BAJO
Crédito C12,I7,=H5*$B$1/12,12,BAJO
Crédito C12,J7,=I5*$B$1/12,12,BAJO
Crédito C12,K7,=J5*$B$1/12,12,BAJO
Crédito C12,L7,=K5*$B$1/12,12,BAJO
Crédito C12,M7,=L5*$B$1/12,12,BAJO
Crédito C12,N7,=M5*$B$1/12,12,BAJO
Crédito C12,O7,=N5*$B$1/12,12,BAJO
Crédito C12,P7,=O5*$B$1/12,12,BAJO
Crédito C12,Q7,=P5*$B$1/12,12,BAJO
Crédito C12,R7,=Q5*$B$1/12,12,BAJO
Crédito C12,S7,=R5*$B$1/12,12,BAJO
Crédito C12,T7,=S5*$B$1/12,12,BAJO
Crédito C12,U7,=T5*$B$1/12,12,BAJO
Crédito C12,V7,=U5*$B$1/12,12,BAJO
Crédito C12,W7,=V5*$B$1/12,12,BAJO
Crédito C12,X7,=W5*$B$1/12,12,BAJO
Crédito C12,Y7,=X5*$B$1/12,12,BAJO
Crédito C12,Z7,=Y5*$B$1/12,12,BAJO
Crédito C12,AA7,=Z5*$B$1/12,12,BAJO
Crédito C12,AB7,=AA5*$B$1/12,12,BAJO
Crédito C12,AC7,=AB5*$B$1/12,12,BAJO
Crédito C12,AD7,=AC5*$B$1/12,12,BAJO
Crédito C12,AE7,=AD5*$B$1/12,12,BAJO
Crédito C12,AF7,=AE5*$B$1/12,12,BAJO
Crédito C12,AG7,=AF5*$B$1/12,12,BAJO
Crédito C12,AH7,=AG5*$B$1/12,12,BAJO
Crédito C12,AI7,=AH5*$B$1/12,12,BAJO
Crédito C12,AJ7,=AI5*$B$1/12,12,BAJO
Crédito C12,AK7,=AJ5*$B$1/12,12,BAJO
Crédito C12,AL7,=AK5*$B$1/12,12,BAJO
Crédito C12,AM7,=AL5*$B$1/12,12,BAJO
Crédito C12,AN7,=AM5*$B$1/12,12,BAJO
Crédito C12,AO7,=AN5*$B$1/12,12,BAJO
Crédito C12,AP7,=AO5*$B$1/12,12,BAJO
Crédito C12,AQ7,=AP5*$B$1/12,12,BAJO
Crédito C12,AR7,=AQ5*$B$1/12,12,BAJO
Crédito C12,AS7,=AR5*$B$1/12,12,BAJO
Crédito C12,AT7,=AS5*$B$1/12,12,BAJO
Crédito C12,AU7,=AT5*$B$1/12,12,BAJO
Crédito C12,AV7,=AU5*$B$1/12,12,BAJO
Crédito C12,AW7,=AV5*$B$1/12,12,BAJO
Crédito C12,AX7,=AW5*$B$1/12,12,BAJO
Crédito C12,AY7,=AX5*$B$1/12,12,BAJO
Crédito C12,AZ7,=AY5*$B$1/12,12,BAJO
Crédito C12,BA7,=AZ5*$B$1/12,12,BAJO
Crédito C12,BB7,=BA5*$B$1/12,12,BAJO
Crédito C12,BC7,=BB5*$B$1/12,12,BAJO
Crédito C12,BD7,=BC5*$B$1/12,12,BAJO
Crédito C12,BE7,=BD5*$B$1/12,12,BAJO
Crédito C12,BF7,=BE5*$B$1/12,12,BAJO
Crédito C12,BG7,=BF5*$B$1/12,12,BAJO
Crédito C12,BH7,=BG5*$B$1/12,12,BAJO
Crédito C12,BI7,=BH5*$B$1/12,12,BAJO
Crédito C12,BJ7,=BI5*$B$1/12,12,BAJO
Crédito C12,BK7,=BJ5*$B$1/12,12,BAJO
Flujo 5 años C20,G3,='Flujo mensual'!$O$4*12*0.9,12,BAJO
Flujo 5 años C20,G3,='Flujo mensual'!$O$4*12*0.9,0.9,BAJO
Flujo 5 años C20,H3,='Flujo mensual'!$O$4*12*0.9,12,BAJO
Flujo 5 años C20,H3,='Flujo mensual'!$O$4*12*0.9,0.9,BAJO
Flujo 5 años C20,I3,='Flujo mensual'!$O$4*12*0.9,12,BAJO
Flujo 5 años C20,I3,='Flujo mensual'!$O$4*12*0.9,0.9,BAJO
Flujo 5 años C20,J3,='Flujo mensual'!$O$4*12*0.9,12,BAJO
Flujo 5 años C20,J3,='Flujo mensual'!$O$4*12*0.9,0.9,BAJO
Flujo 5 años C20,J6,='IVA Dptos'!AD23*0.9,0.9,BAJO
Flujo 5 años C20,F13,=-'Crédito Comercial 20A'!$H$8*12,12,BAJO
Flujo 5 años C20,G13,=-'Crédito Comercial 20A'!$H$8*12,12,BAJO
Flujo 5 años C20,H13,=-'Crédito Comercial 20A'!$H$8*12,12,BAJO
Flujo 5 años C20,I13,=-'Crédito Comercial 20A'!$H$8*12,12,BAJO
Flujo 5 años C20,J13,=-'Crédito Comercial 20A'!$H$8*12,12,BAJO
Flujo 5 años C20,G17,='Flujo mensual'!$O$17*12*0.9,12,BAJO
Flujo 5 años C20,G17,='Flujo mensual'!$O$17*12*0.9,0.9,BAJO
Flujo 5 años C20,H17,='Flujo mensual'!$O$17*12*0.9,12,BAJO
Flujo 5 años C20,H17,='Flujo mensual'!$O$17*12*0.9,0.9,BAJO
Flujo 5 años C20,I17,='Flujo mensual'!$O$17*12*0.9,12,BAJO
Flujo 5 años C20,I17,='Flujo mensual'!$O$17*12*0.9,0.9,BAJO
Flujo 5 años C20,J17,='Flujo mensual'!$O$17*12*0.9,12,BAJO
Flujo 5 años C20,J17,='Flujo mensual'!$O$17*12*0.9,0.9,BAJO
Flujo 5 años C20,G20,='Flujo mensual'!$O$20*12,12,BAJO
Flujo 5 años C20,H20,='Flujo mensual'!$O$20*12,12,BAJO
Flujo 5 años C20,I20,='Flujo mensual'!$O$20*12,12,BAJO
Flujo 5 años C20,J20,='Flujo mensual'!$O$20*12,12,BAJO
Crédito Comercial 20A,D6,=D5/12,12,BAJO
Crédito Comercial 20A,D7,=20*12,20,BAJO
Crédito Comercial 20A,D7,=20*12,12,BAJO
Crédito Comercial 20A,D8,=D7/12,12,BAJO
Crédito Comercial 20A,H9,"=PMT($D$5/12,$D$7,$D$4)",12,MEDIO
Crédito Comercial 20A,H10,"=PMT($D$5/12,$D$7,$D$4)",12,MEDIO
Crédito Comercial 20A,H11,"=PMT($D$5/12,$D$7,$D$4)",12,MEDIO
Crédito Comercial 20A,H12,"=PMT($D$5/12,$D$7,$D$4)",12,MEDIO
Crédito Comercial 20A,H13,"=PMT($D$5/12,$D$7,$D$4)",12,MEDIO
Crédito Comercial 20A,H14,"=PMT($D$5/12,$D$7,$D$4)",12,MEDIO
Crédito Comercial 20A,H15,"=PMT($D$5/12,$D$7,$D$4)",12,MEDIO
Crédito Comercial 20A,H16,"=PMT($D$5/12,$D$7,$D$4)",12,MEDIO
Crédito Comercial 20A,H17,"=PMT($D$5/12,$D$7,$D$4)",12,MEDIO
Crédito Comercial 20A,H18,"=PMT($D$5/12,$D$7,$D$4)",12,MEDIO
Crédito Comercial 20A,H19,"=PMT($D$5/12,$D$7,$D$4)",12,MEDIO
Crédito Comercial 20A,H20,"=PMT($D$5/12,$D$7,$D$4)",12,MEDIO
Crédito Comercial 20A,H21,"=PMT($D$5/12,$D$7,$D$4)",12,MEDIO
Crédito Comercial 20A,H22,"=PMT($D$5/12,$D$7,$D$4)",12,MEDIO
Crédito Comercial 20A,E23,=H17*10,10,BAJO
Crédito Comercial 20A,H23,"=PMT($D$5/12,$D$7,$D$4)",12,MEDIO
Crédito Comercial 20A,H24,"=PMT($D$5/12,$D$7,$D$4)",12,MEDIO
Crédito Comercial 20A,H25,"=PMT($D$5/12,$D$7,$D$4)",12,MEDIO
Crédito Comercial 20A,H26,"=PMT($D$5/12,$D$7,$D$4)",12,MEDIO
Crédito Comercial 20A,H27,"=PMT($D$5/12,$D$7,$D$4)",12,MEDIO
Crédito Comercial 20A,H28,"=PMT($D$5/12,$D$7,$D$4)",12,MEDIO
Crédito Comercial 20A,H29,"=PMT($D$5/12,$D$7,$D$4)",12,MEDIO
Crédito Comercial 20A,H30,"=PMT($D$5/12,$D$7,$D$4)",12,MEDIO
Crédito Comercial 20A,H31,"=PMT($D$5/12,$D$7,$D$4)",12,MEDIO
Crédito Comercial 20A,H32,"=PMT($D$5/12,$D$7,$D$4)",12,MEDIO
Crédito Comercial 20A,H33,"=PMT($D$5/12,$D$7,$D$4)",12,MEDIO
Crédito Comercial 20A,H34,"=PMT($D$5/12,$D$7,$D$4)",12,MEDIO
Crédito Comercial 20A,H35,"=PMT($D$5/12,$D$7,$D$4)",12,MEDIO
Crédito Comercial 20A,H36,"=PMT($D$5/12,$D$7,$D$4)",12,MEDIO
Crédito Comercial 20A,H37,"=PMT($D$5/12,$D$7,$D$4)",12,MEDIO
Crédito Comercial 20A,H38,"=PMT($D$5/12,$D$7,$D$4)",12,MEDIO
Crédito Comercial 20A,H39,"=PMT($D$5/12,$D$7,$D$4)",12,MEDIO
Crédito Comercial 20A,H40,"=PMT($D$5/12,$D$7,$D$4)",12,MEDIO
Crédito Comercial 20A,H41,"=PMT($D$5/12,$D$7,$D$4)",12,MEDIO
Crédito Comercial 20A,H42,"=PMT($D$5/12,$D$7,$D$4)",12,MEDIO
Crédito Comercial 20A,H43,"=PMT($D$5/12,$D$7,$D$4)",12,MEDIO
Crédito Comercial 20A,H44,"=PMT($D$5/12,$D$7,$D$4)",12,MEDIO
Crédito Comercial 20A,H45,"=PMT($D$5/12,$D$7,$D$4)",12,MEDIO
Crédito Comercial 20A,H46,"=PMT($D$5/12,$D$7,$D$4)",12,MEDIO
Crédito Comercial 20A,H47,"=PMT($D$5/12,$D$7,$D$4)",12,MEDIO
Crédito Comercial 20A,H48,"=PMT($D$5/12,$D$7,$D$4)",12,MEDIO
Crédito Comercial 20A,H49,"=PMT($D$5/12,$D$7,$D$4)",12,MEDIO
Crédito Comercial 20A,H50,"=PMT($D$5/12,$D$7,$D$4)",12,MEDIO
Crédito Comercial 20A,H51,"=PMT($D$5/12,$D$7,$D$4)",12,MEDIO
Crédito Comercial 20A,H52,"=PMT($D$5/12,$D$7,$D$4)",12,MEDIO
Crédito Comercial 20A,H53,"=PMT($D$5/12,$D$7,$D$4)",12,MEDIO
Crédito Comercial 20A,H54,"=PMT($D$5/12,$D$7,$D$4)",12,MEDIO
Crédito Comercial 20A,H55,"=PMT($D$5/12,$D$7,$D$4)",12,MEDIO
Crédito Comercial 20A,H56,"=PMT($D$5/12,$D$7,$D$4)",12,MEDIO
Crédito Comercial 20A,H57,"=PMT($D$5/12,$D$7,$D$4)",12,MEDIO
Crédito Comercial 20A,H58,"=PMT($D$5/12,$D$7,$D$4)",12,MEDIO
Crédito Comercial 20A,H59,"=PMT($D$5/12,$D$7,$D$4)",12,MEDIO
Crédito Comercial 20A,H60,"=PMT($D$5/12,$D$7,$D$4)",12,MEDIO
Crédito Comercial 20A,H61,"=PMT($D$5/12,$D$7,$D$4)",12,MEDIO
Crédito Comercial 20A,H62,"=PMT($D$5/12,$D$7,$D$4)",12,MEDIO
Crédito Comercial 20A,H63,"=PMT($D$5/12,$D$7,$D$4)",12,MEDIO
Crédito Comercial 20A,H64,"=PMT($D$5/12,$D$7,$D$4)",12,MEDIO
Crédito Comercial 20A,H65,"=PMT($D$5/12,$D$7,$D$4)",12,MEDIO
Crédito Comercial 20A,H66,"=PMT($D$5/12,$D$7,$D$4)",12,MEDIO
Crédito Comercial 20A,H67,"=PMT($D$5/12,$D$7,$D$4)",12,MEDIO
Crédito Comercial 20A,H68,"=PMT($D$5/12,$D$7,$D$4)",12,MEDIO
Crédito Comercial 20A,H69,"=PMT($D$5/12,$D$7,$D$4)",12,MEDIO
Crédito Comercial 20A,H70,"=PMT($D$5/12,$D$7,$D$4)",12,MEDIO
Crédito Comercial 20A,H71,"=PMT($D$5/12,$D$7,$D$4)",12,MEDIO
Crédito Comercial 20A,H72,"=PMT($D$5/12,$D$7,$D$4)",12,MEDIO
Crédito Comercial 20A,H73,"=PMT($D$5/12,$D$7,$D$4)",12,MEDIO
Crédito Comercial 20A,H74,"=PMT($D$5/12,$D$7,$D$4)",12,MEDIO
Crédito Comercial 20A,H75,"=PMT($D$5/12,$D$7,$D$4)",12,MEDIO
Crédito Comercial 20A,H76,"=PMT($D$5/12,$D$7,$D$4)",12,MEDIO
Crédito Comercial 20A,H77,"=PMT($D$5/12,$D$7,$D$4)",12,MEDIO
Crédito Comercial 20A,H78,"=PMT($D$5/12,$D$7,$D$4)",12,MEDIO
Crédito Comercial 20A,H79,"=PMT($D$5/12,$D$7,$D$4)",12,MEDIO
Crédito Comercial 20A,H80,"=PMT($D$5/12,$D$7,$D$4)",12,MEDIO
Crédito Comercial 20A,H81,"=PMT($D$5/12,$D$7,$D$4)",12,MEDIO
Crédito Comercial 20A,H82,"=PMT($D$5/12,$D$7,$D$4)",12,MEDIO
Crédito Comercial 20A,H83,"=PMT($D$5/12,$D$7,$D$4)",12,MEDIO
Crédito Comercial 20A,H84,"=PMT($D$5/12,$D$7,$D$4)",12,MEDIO
Crédito Comercial 20A,H85,"=PMT($D$5/12,$D$7,$D$4)",12,MEDIO
Crédito Comercial 20A,H86,"=PMT($D$5/12,$D$7,$D$4)",12,MEDIO
Crédito Comercial 20A,H87,"=PMT($D$5/12,$D$7,$D$4)",12,MEDIO
Crédito Comercial 20A,H88,"=PMT($D$5/12,$D$7,$D$4)",12,MEDIO
Crédito Comercial 20A,H89,"=PMT($D$5/12,$D$7,$D$4)",12,MEDIO
Crédito Comercial 20A,H90,"=PMT($D$5/12,$D$7,$D$4)",12,MEDIO
Crédito Comercial 20A,H91,"=PMT($D$5/12,$D$7,$D$4)",12,MEDIO
Crédito Comercial 20A,H92,"=PMT($D$5/12,$D$7,$D$4)",12,MEDIO
Crédito Comercial 20A,H93,"=PMT($D$5/12,$D$7,$D$4)",12,MEDIO
Crédito Comercial 20A,H94,"=PMT($D$5/12,$D$7,$D$4)",12,MEDIO
Crédito Comercial 20A,H95,"=PMT($D$5/12,$D$7,$D$4)",12,MEDIO
Crédito Comercial 20A,H96,"=PMT($D$5/12,$D$7,$D$4)",12,MEDIO
Crédito Comercial 20A,H97,"=PMT($D$5/12,$D$7,$D$4)",12,MEDIO
Crédito Comercial 20A,H98,"=PMT($D$5/12,$D$7,$D$4)",12,MEDIO
Crédito Comercial 20A,H99,"=PMT($D$5/12,$D$7,$D$4)",12,MEDIO
Crédito Comercial 20A,H100,"=PMT($D$5/12,$D$7,$D$4)",12,MEDIO
Crédito Comercial 20A,H101,"=PMT($D$5/12,$D$7,$D$4)",12,MEDIO
Crédito Comercial 20A,H102,"=PMT($D$5/12,$D$7,$D$4)",12,MEDIO
Crédito Comercial 20A,H103,"=PMT($D$5/12,$D$7,$D$4)",12,MEDIO
Crédito Comercial 20A,H104,"=PMT($D$5/12,$D$7,$D$4)",12,MEDIO
Crédito Comercial 20A,H105,"=PMT($D$5/12,$D$7,$D$4)",12,MEDIO
Crédito Comercial 20A,H106,"=PMT($D$5/12,$D$7,$D$4)",12,MEDIO
Crédito Comercial 20A,H107,"=PMT($D$5/12,$D$7,$D$4)",12,MEDIO
Crédito Comercial 20A,H108,"=PMT($D$5/12,$D$7,$D$4)",12,MEDIO
Crédito Comercial 20A,H109,"=PMT($D$5/12,$D$7,$D$4)",12,MEDIO
Crédito Comercial 20A,H110,"=PMT($D$5/12,$D$7,$D$4)",12,MEDIO
Crédito Comercial 20A,H111,"=PMT($D$5/12,$D$7,$D$4)",12,MEDIO
Crédito Comercial 20A,H112,"=PMT($D$5/12,$D$7,$D$4)",12,MEDIO
Crédito Comercial 20A,H113,"=PMT($D$5/12,$D$7,$D$4)",12,MEDIO
Crédito Comercial 20A,H114,"=PMT($D$5/12,$D$7,$D$4)",12,MEDIO
Crédito Comercial 20A,H115,"=PMT($D$5/12,$D$7,$D$4)",12,MEDIO
Crédito Comercial 20A,H116,"=PMT($D$5/12,$D$7,$D$4)",12,MEDIO
Crédito Comercial 20A,H117,"=PMT($D$5/12,$D$7,$D$4)",12,MEDIO
Crédito Comercial 20A,H118,"=PMT($D$5/12,$D$7,$D$4)",12,MEDIO
Crédito Comercial 20A,H119,"=PMT($D$5/12,$D$7,$D$4)",12,MEDIO
Crédito Comercial 20A,H120,"=PMT($D$5/12,$D$7,$D$4)",12,MEDIO
Crédito Comercial 20A,H121,"=PMT($D$5/12,$D$7,$D$4)",12,MEDIO
Crédito Comercial 20A,H122,"=PMT($D$5/12,$D$7,$D$4)",12,MEDIO
Crédito Comercial 20A,H123,"=PMT($D$5/12,$D$7,$D$4)",12,MEDIO
Crédito Comercial 20A,H124,"=PMT($D$5/12,$D$7,$D$4)",12,MEDIO
Crédito Comercial 20A,H125,"=PMT($D$5/12,$D$7,$D$4)",12,MEDIO
Crédito Comercial 20A,H126,"=PMT($D$5/12,$D$7,$D$4)",12,MEDIO
Crédito Comercial 20A,H127,"=PMT($D$5/12,$D$7,$D$4)",12,MEDIO
Crédito Comercial 20A,H128,"=PMT($D$5/12,$D$7,$D$4)",12,MEDIO
Crédito Comercial 20A,H129,"=PMT($D$5/12,$D$7,$D$4)",12,MEDIO
Crédito Comercial 20A,H130,"=PMT($D$5/12,$D$7,$D$4)",12,MEDIO
Crédito Comercial 20A,H131,"=PMT($D$5/12,$D$7,$D$4)",12,MEDIO
Crédito Comercial 20A,H132,"=PMT($D$5/12,$D$7,$D$4)",12,MEDIO
Crédito Comercial 20A,H133,"=PMT($D$5/12,$D$7,$D$4)",12,MEDIO
Crédito Comercial 20A,H134,"=PMT($D$5/12,$D$7,$D$4)",12,MEDIO
Crédito Comercial 20A,H135,"=PMT($D$5/12,$D$7,$D$4)",12,MEDIO
Crédito Comercial 20A,H136,"=PMT($D$5/12,$D$7,$D$4)",12,MEDIO
Crédito Comercial 20A,H137,"=PMT($D$5/12,$D$7,$D$4)",12,MEDIO
Crédito Comercial 20A,H138,"=PMT($D$5/12,$D$7,$D$4)",12,MEDIO
Crédito Comercial 20A,H139,"=PMT($D$5/12,$D$7,$D$4)",12,MEDIO
Crédito Comercial 20A,H140,"=PMT($D$5/12,$D$7,$D$4)",12,MEDIO
Crédito Comercial 20A,H141,"=PMT($D$5/12,$D$7,$D$4)",12,MEDIO
Crédito Comercial 20A,H142,"=PMT($D$5/12,$D$7,$D$4)",12,MEDIO
Crédito Comercial 20A,H143,"=PMT($D$5/12,$D$7,$D$4)",12,MEDIO
Crédito Comercial 20A,H144,"=PMT($D$5/12,$D$7,$D$4)",12,MEDIO
Crédito Comercial 20A,H145,"=PMT($D$5/12,$D$7,$D$4)",12,MEDIO
Crédito Comercial 20A,H146,"=PMT($D$5/12,$D$7,$D$4)",12,MEDIO
Crédito Comercial 20A,H147,"=PMT($D$5/12,$D$7,$D$4)",12,MEDIO
Crédito Comercial 20A,H148,"=PMT($D$5/12,$D$7,$D$4)",12,MEDIO
Crédito Comercial 20A,H149,"=PMT($D$5/12,$D$7,$D$4)",12,MEDIO
Crédito Comercial 20A,H150,"=PMT($D$5/12,$D$7,$D$4)",12,MEDIO
Crédito Comercial 20A,H151,"=PMT($D$5/12,$D$7,$D$4)",12,MEDIO
Crédito Comercial 20A,H152,"=PMT($D$5/12,$D$7,$D$4)",12,MEDIO
Crédito Comercial 20A,H153,"=PMT($D$5/12,$D$7,$D$4)",12,MEDIO
Crédito Comercial 20A,H154,"=PMT($D$5/12,$D$7,$D$4)",12,MEDIO
Crédito Comercial 20A,H155,"=PMT($D$5/12,$D$7,$D$4)",12,MEDIO
Crédito Comercial 20A,H156,"=PMT($D$5/12,$D$7,$D$4)",12,MEDIO
Crédito Comercial 20A,H157,"=PMT($D$5/12,$D$7,$D$4)",12,MEDIO
Crédito Comercial 20A,H158,"=PMT($D$5/12,$D$7,$D$4)",12,MEDIO
Crédito Comercial 20A,H159,"=PMT($D$5/12,$D$7,$D$4)",12,MEDIO
Crédito Comercial 20A,H160,"=PMT($D$5/12,$D$7,$D$4)",12,MEDIO
Crédito Comercial 20A,H161,"=PMT($D$5/12,$D$7,$D$4)",12,MEDIO
Crédito Comercial 20A,H162,"=PMT($D$5/12,$D$7,$D$4)",12,MEDIO
Crédito Comercial 20A,H163,"=PMT($D$5/12,$D$7,$D$4)",12,MEDIO
Crédito Comercial 20A,H164,"=PMT($D$5/12,$D$7,$D$4)",12,MEDIO
Crédito Comercial 20A,H165,"=PMT($D$5/12,$D$7,$D$4)",12,MEDIO
Crédito Comercial 20A,H166,"=PMT($D$5/12,$D$7,$D$4)",12,MEDIO
Crédito Comercial 20A,H167,"=PMT($D$5/12,$D$7,$D$4)",12,MEDIO
Crédito Comercial 20A,H168,"=PMT($D$5/12,$D$7,$D$4)",12,MEDIO
Crédito Comercial 20A,H169,"=PMT($D$5/12,$D$7,$D$4)",12,MEDIO
Crédito Comercial 20A,H170,"=PMT($D$5/12,$D$7,$D$4)",12,MEDIO
Crédito Comercial 20A,H171,"=PMT($D$5/12,$D$7,$D$4)",12,MEDIO
Crédito Comercial 20A,H172,"=PMT($D$5/12,$D$7,$D$4)",12,MEDIO
Crédito Comercial 20A,H173,"=PMT($D$5/12,$D$7,$D$4)",12,MEDIO
Crédito Comercial 20A,H174,"=PMT($D$5/12,$D$7,$D$4)",12,MEDIO
Crédito Comercial 20A,H175,"=PMT($D$5/12,$D$7,$D$4)",12,MEDIO
Crédito Comercial 20A,H176,"=PMT($D$5/12,$D$7,$D$4)",12,MEDIO
Crédito Comercial 20A,H177,"=PMT($D$5/12,$D$7,$D$4)",12,MEDIO
Crédito Comercial 20A,H178,"=PMT($D$5/12,$D$7,$D$4)",12,MEDIO
Crédito Comercial 20A,H179,"=PMT($D$5/12,$D$7,$D$4)",12,MEDIO
Crédito Comercial 20A,H180,"=PMT($D$5/12,$D$7,$D$4)",12,MEDIO
Crédito Comercial 20A,H181,"=PMT($D$5/12,$D$7,$D$4)",12,MEDIO
Crédito Comercial 20A,H182,"=PMT($D$5/12,$D$7,$D$4)",12,MEDIO
Crédito Comercial 20A,H183,"=PMT($D$5/12,$D$7,$D$4)",12,MEDIO
Crédito Comercial 20A,H184,"=PMT($D$5/12,$D$7,$D$4)",12,MEDIO
Crédito Comercial 20A,H185,"=PMT($D$5/12,$D$7,$D$4)",12,MEDIO
Crédito Comercial 20A,H186,"=PMT($D$5/12,$D$7,$D$4)",12,MEDIO
Crédito Comercial 20A,H187,"=PMT($D$5/12,$D$7,$D$4)",12,MEDIO
Crédito Comercial 20A,H188,"=PMT($D$5/12,$D$7,$D$4)",12,MEDIO
Crédito Comercial 20A,H189,"=PMT($D$5/12,$D$7,$D$4)",12,MEDIO
Crédito Comercial 20A,H190,"=PMT($D$5/12,$D$7,$D$4)",12,MEDIO
Crédito Comercial 20A,H191,"=PMT($D$5/12,$D$7,$D$4)",12,MEDIO
Crédito Comercial 20A,H192,"=PMT($D$5/12,$D$7,$D$4)",12,MEDIO
Crédito Comercial 20A,H193,"=PMT($D$5/12,$D$7,$D$4)",12,MEDIO
Crédito Comercial 20A,H194,"=PMT($D$5/12,$D$7,$D$4)",12,MEDIO
Crédito Comercial 20A,H195,"=PMT($D$5/12,$D$7,$D$4)",12,MEDIO
Crédito Comercial 20A,H196,"=PMT($D$5/12,$D$7,$D$4)",12,MEDIO
Crédito Comercial 20A,H197,"=PMT($D$5/12,$D$7,$D$4)",12,MEDIO
Crédito Comercial 20A,H198,"=PMT($D$5/12,$D$7,$D$4)",12,MEDIO
Crédito Comercial 20A,H199,"=PMT($D$5/12,$D$7,$D$4)",12,MEDIO
Crédito Comercial 20A,H200,"=PMT($D$5/12,$D$7,$D$4)",12,MEDIO
Crédito Comercial 20A,H201,"=PMT($D$5/12,$D$7,$D$4)",12,MEDIO
Crédito Comercial 20A,H202,"=PMT($D$5/12,$D$7,$D$4)",12,MEDIO
Crédito Comercial 20A,H203,"=PMT($D$5/12,$D$7,$D$4)",12,MEDIO
Crédito Comercial 20A,H204,"=PMT($D$5/12,$D$7,$D$4)",12,MEDIO
Crédito Comercial 20A,H205,"=PMT($D$5/12,$D$7,$D$4)",12,MEDIO
Crédito Comercial 20A,H206,"=PMT($D$5/12,$D$7,$D$4)",12,MEDIO
Crédito Comercial 20A,H207,"=PMT($D$5/12,$D$7,$D$4)",12,MEDIO
Crédito Comercial 20A,H208,"=PMT($D$5/12,$D$7,$D$4)",12,MEDIO
Crédito Comercial 20A,H209,"=PMT($D$5/12,$D$7,$D$4)",12,MEDIO
Crédito Comercial 20A,H210,"=PMT($D$5/12,$D$7,$D$4)",12,MEDIO
Crédito Comercial 20A,H211,"=PMT($D$5/12,$D$7,$D$4)",12,MEDIO
Crédito Comercial 20A,H212,"=PMT($D$5/12,$D$7,$D$4)",12,MEDIO
Crédito Comercial 20A,H213,"=PMT($D$5/12,$D$7,$D$4)",12,MEDIO
Crédito Comercial 20A,H214,"=PMT($D$5/12,$D$7,$D$4)",12,MEDIO
Crédito Comercial 20A,H215,"=PMT($D$5/12,$D$7,$D$4)",12,MEDIO
Crédito Comercial 20A,H216,"=PMT($D$5/12,$D$7,$D$4)",12,MEDIO
Crédito Comercial 20A,H217,"=PMT($D$5/12,$D$7,$D$4)",12,MEDIO
Crédito Comercial 20A,H218,"=PMT($D$5/12,$D$7,$D$4)",12,MEDIO
Crédito Comercial 20A,H219,"=PMT($D$5/12,$D$7,$D$4)",12,MEDIO
Crédito Comercial 20A,H220,"=PMT($D$5/12,$D$7,$D$4)",12,MEDIO
Crédito Comercial 20A,H221,"=PMT($D$5/12,$D$7,$D$4)",12,MEDIO
Crédito Comercial 20A,H222,"=PMT($D$5/12,$D$7,$D$4)",12,MEDIO
Crédito Comercial 20A,H223,"=PMT($D$5/12,$D$7,$D$4)",12,MEDIO
Crédito Comercial 20A,H224,"=PMT($D$5/12,$D$7,$D$4)",12,MEDIO
Crédito Comercial 20A,H225,"=PMT($D$5/12,$D$7,$D$4)",12,MEDIO
Crédito Comercial 20A,H226,"=PMT($D$5/12,$D$7,$D$4)",12,MEDIO
Crédito Comercial 20A,H227,"=PMT($D$5/12,$D$7,$D$4)",12,MEDIO
Crédito Comercial 20A,H228,"=PMT($D$5/12,$D$7,$D$4)",12,MEDIO
Crédito Comercial 20A,H229,"=PMT($D$5/12,$D$7,$D$4)",12,MEDIO
Crédito Comercial 20A,H230,"=PMT($D$5/12,$D$7,$D$4)",12,MEDIO
Crédito Comercial 20A,H231,"=PMT($D$5/12,$D$7,$D$4)",12,MEDIO
Crédito Comercial 20A,H232,"=PMT($D$5/12,$D$7,$D$4)",12,MEDIO
Crédito Comercial 20A,H233,"=PMT($D$5/12,$D$7,$D$4)",12,MEDIO
Crédito Comercial 20A,H234,"=PMT($D$5/12,$D$7,$D$4)",12,MEDIO
Crédito Comercial 20A,H235,"=PMT($D$5/12,$D$7,$D$4)",12,MEDIO
Crédito Comercial 20A,H236,"=PMT($D$5/12,$D$7,$D$4)",12,MEDIO
Crédito Comercial 20A,H237,"=PMT($D$5/12,$D$7,$D$4)",12,MEDIO
Crédito Comercial 20A,H238,"=PMT($D$5/12,$D$7,$D$4)",12,MEDIO
Crédito Comercial 20A,H239,"=PMT($D$5/12,$D$7,$D$4)",12,MEDIO
Crédito Comercial 20A,H240,"=PMT($D$5/12,$D$7,$D$4)",12,MEDIO
Crédito Comercial 20A,H241,"=PMT($D$5/12,$D$7,$D$4)",12,MEDIO
Crédito Comercial 20A,H242,"=PMT($D$5/12,$D$7,$D$4)",12,MEDIO
Crédito Comercial 20A,H243,"=PMT($D$5/12,$D$7,$D$4)",12,MEDIO
Crédito Comercial 20A,H244,"=PMT($D$5/12,$D$7,$D$4)",12,MEDIO
Crédito Comercial 20A,H245,"=PMT($D$5/12,$D$7,$D$4)",12,MEDIO
Crédito Comercial 20A,H246,"=PMT($D$5/12,$D$7,$D$4)",12,MEDIO
Crédito Comercial 20A,H247,"=PMT($D$5/12,$D$7,$D$4)",12,MEDIO
Crédito C20,E7,=D5*$B$1/12,12,BAJO
Crédito C20,F7,=E5*$B$1/12,12,BAJO
Crédito C20,G7,=F5*$B$1/12,12,BAJO
Crédito C20,H7,=G5*$B$1/12,12,BAJO
Crédito C20,I7,=H5*$B$1/12,12,BAJO
Crédito C20,J7,=I5*$B$1/12,12,BAJO
Crédito C20,K7,=J5*$B$1/12,12,BAJO
Crédito C20,L7,=K5*$B$1/12,12,BAJO
Crédito C20,M7,=L5*$B$1/12,12,BAJO
Crédito C20,N7,=M5*$B$1/12,12,BAJO
Crédito C20,O7,=N5*$B$1/12,12,BAJO
Crédito C20,P7,=O5*$B$1/12,12,BAJO
Crédito C20,Q7,=P5*$B$1/12,12,BAJO
Crédito C20,R7,=Q5*$B$1/12,12,BAJO
Crédito C20,S7,=R5*$B$1/12,12,BAJO
Crédito C20,T7,=S5*$B$1/12,12,BAJO
Crédito C20,U7,=T5*$B$1/12,12,BAJO
Crédito C20,V7,=U5*$B$1/12,12,BAJO
Crédito C20,W7,=V5*$B$1/12,12,BAJO
Crédito C20,X7,=W5*$B$1/12,12,BAJO
Crédito C20,Y7,=X5*$B$1/12,12,BAJO
Crédito C20,Z7,=Y5*$B$1/12,12,BAJO
Crédito C20,AA7,=Z5*$B$1/12,12,BAJO
Crédito C20,AB7,=AA5*$B$1/12,12,BAJO
Crédito C20,AC7,=AB5*$B$1/12,12,BAJO
Crédito C20,AD7,=AC5*$B$1/12,12,BAJO
Crédito C20,AE7,=AD5*$B$1/12,12,BAJO
Crédito C20,AF7,=AE5*$B$1/12,12,BAJO
Crédito C20,AG7,=AF5*$B$1/12,12,BAJO
Crédito C20,AH7,=AG5*$B$1/12,12,BAJO
Crédito C20,AI7,=AH5*$B$1/12,12,BAJO
Crédito C20,AJ7,=AI5*$B$1/12,12,BAJO
Crédito C20,AK7,=AJ5*$B$1/12,12,BAJO
Crédito C20,AL7,=AK5*$B$1/12,12,BAJO
Crédito C20,AM7,=AL5*$B$1/12,12,BAJO
Crédito C20,AN7,=AM5*$B$1/12,12,BAJO
Crédito C20,AO7,=AN5*$B$1/12,12,BAJO
Crédito C20,AP7,=AO5*$B$1/12,12,BAJO
Crédito C20,AQ7,=AP5*$B$1/12,12,BAJO
Crédito C20,AR7,=AQ5*$B$1/12,12,BAJO
Crédito C20,AS7,=AR5*$B$1/12,12,BAJO
Crédito C20,AT7,=AS5*$B$1/12,12,BAJO
Crédito C20,AU7,=AT5*$B$1/12,12,BAJO
Crédito C20,AV7,=AU5*$B$1/12,12,BAJO
Crédito C20,AW7,=AV5*$B$1/12,12,BAJO
Crédito C20,AX7,=AW5*$B$1/12,12,BAJO
Crédito C20,AY7,=AX5*$B$1/12,12,BAJO
Crédito C20,AZ7,=AY5*$B$1/12,12,BAJO
Crédito C20,BA7,=AZ5*$B$1/12,12,BAJO
Crédito C20,BB7,=BA5*$B$1/12,12,BAJO
Crédito C20,BC7,=BB5*$B$1/12,12,BAJO
Crédito C20,BD7,=BC5*$B$1/12,12,BAJO
Crédito C20,BE7,=BD5*$B$1/12,12,BAJO
Crédito C20,BF7,=BE5*$B$1/12,12,BAJO
Crédito C20,BG7,=BF5*$B$1/12,12,BAJO
Crédito C20,BH7,=BG5*$B$1/12,12,BAJO
Crédito C20,BI7,=BH5*$B$1/12,12,BAJO
Crédito C20,BJ7,=BI5*$B$1/12,12,BAJO
Crédito C20,BK7,=BJ5*$B$1/12,12,BAJO
