hoja,celda,formula,valor_calculado,referencias,complejidad
Arriendo,B1,='IVA Dptos'!C1,39850,IVA Dptos!C1,0
Arriendo,O1,='IVA Dptos'!C1,39850,IVA Dptos!C1,0
Arriendo,C4,=1,1,,0
Arriendo,F4,=E4/$B$1,17.94746186876084,Arriendo!E4 ; Arriendo!$B$1,1
Arriendo,G4,='IVA Dptos'!H8/$B$1,1682.9718444165621,IVA Dptos!H8,1
Arriendo,H4,=G4*$B$2,185.12690288582183,Arriendo!G4 ; Arriendo!$B$2,1
Arriendo,I4,=H4/12,15.427241907151819,Arriendo!H4,1
Arriendo,J4,=F4-I4,2.520219961609021,Arriendo!F4 ; Arriendo!I4,1
Arriendo,K4,=J4*19%,0.478841792705714,Arriendo!J4,1
Arriendo,L4,=F4-K4,17.468620076055124,Arriendo!F4 ; Arriendo!K4,1
Arriendo,Q4,=E4,715206.3554701195,Arriendo!E4,0
Arriendo,R4,=Q4/$O$1,17.94746186876084,Arriendo!Q4 ; Arriendo!$O$1,1
Arriendo,S4,=Q4*$O$4,10728095.332051793,Arriendo!Q4 ; Arriendo!$O$4,1
Arriendo,T4,=S4/$O$1,269.21192803141264,Arriendo!S4 ; Arriendo!$O$1,1
Arriendo,C5,=+C4+1,2,Arriendo!C4,2
Arriendo,F5,=E5/$B$1,17.88554339934127,Arriendo!E5 ; Arriendo!$B$1,1
Arriendo,G5,='IVA Dptos'!H9/$B$1,1659.1960853199498,IVA Dptos!H9,1
Arriendo,H5,=G5*$B$2,182.5115693851945,Arriendo!G5 ; Arriendo!$B$2,1
Arriendo,I5,=H5/12,15.209297448766208,Arriendo!H5,1
Arriendo,J5,=F5-I5,2.676245950575062,Arriendo!F5 ; Arriendo!I5,1
Arriendo,K5,=J5*19%,0.5084867306092618,Arriendo!J5,1
Arriendo,L5,=F5-K5,17.377056668732006,Arriendo!F5 ; Arriendo!K5,1
Arriendo,C6,=+C5+1,3,Arriendo!C5,2
Arriendo,F6,=E6/$B$1,17.873159705457354,Arriendo!E6 ; Arriendo!$B$1,1
Arriendo,G6,='IVA Dptos'!H10/$B$1,1659.1960853199498,IVA Dptos!H10,1
Arriendo,H6,=G6*$B$2,182.5115693851945,Arriendo!G6 ; Arriendo!$B$2,1
Arriendo,I6,=H6/12,15.209297448766208,Arriendo!H6,1
Arriendo,J6,=F6-I6,2.6638622566911465,Arriendo!F6 ; Arriendo!I6,1
Arriendo,K6,=J6*19%,0.5061338287713179,Arriendo!J6,1
Arriendo,L6,=F6-K6,17.367025876686036,Arriendo!F6 ; Arriendo!K6,1
Arriendo,C7,=+C6+1,4,Arriendo!C6,2
Arriendo,F7,=E7/$B$1,17.951589766722147,Arriendo!E7 ; Arriendo!$B$1,1
Arriendo,G7,='IVA Dptos'!H11/$B$1,1682.9718444165621,IVA Dptos!H11,1
Arriendo,H7,=G7*$B$2,185.12690288582183,Arriendo!G7 ; Arriendo!$B$2,1
Arriendo,I7,=H7/12,15.427241907151819,Arriendo!H7,1
Arriendo,J7,=F7-I7,2.5243478595703284,Arriendo!F7 ; Arriendo!I7,1
Arriendo,K7,=J7*19%,0.4796260933183624,Arriendo!J7,1
Arriendo,L7,=F7-K7,17.471963673403785,Arriendo!F7 ; Arriendo!K7,1
Arriendo,R7,=Q7/$O$1,62.73525721455458,Arriendo!Q7 ; Arriendo!$O$1,1
Arriendo,S7,=Q7*$O$4,37500000,Arriendo!Q7 ; Arriendo!$O$4,1
Arriendo,T7,=S7/$O$1,941.0288582183186,Arriendo!S7 ; Arriendo!$O$1,1
Arriendo,C8,=+C7+1,5,Arriendo!C7,2
Arriendo,F8,=E8/$B$1,17.873159705457354,Arriendo!E8 ; Arriendo!$B$1,1
Arriendo,G8,='IVA Dptos'!H12/$B$1,1659.1960853199498,IVA Dptos!H12,1
Arriendo,H8,=G8*$B$2,182.5115693851945,Arriendo!G8 ; Arriendo!$B$2,1
Arriendo,I8,=H8/12,15.209297448766208,Arriendo!H8,1
Arriendo,J8,=F8-I8,2.6638622566911465,Arriendo!F8 ; Arriendo!I8,1
Arriendo,K8,=J8*19%,0.5061338287713179,Arriendo!J8,1
Arriendo,L8,=F8-K8,17.367025876686036,Arriendo!F8 ; Arriendo!K8,1
Arriendo,C9,=+C8+1,6,Arriendo!C8,2
Arriendo,F9,=E9/$B$1,13.374016985671739,Arriendo!E9 ; Arriendo!$B$1,1
Arriendo,G9,='IVA Dptos'!H13/$B$1,1073.4335257214555,IVA Dptos!H13,1
Arriendo,H9,=G9*$B$2,118.0776878293601,Arriendo!G9 ; Arriendo!$B$2,1
Arriendo,I9,=H9/12,9.839807319113342,Arriendo!H9,1
Arriendo,J9,=F9-I9,3.5342096665583966,Arriendo!F9 ; Arriendo!I9,1
Arriendo,K9,=J9*19%,0.6714998366460954,Arriendo!J9,1
Arriendo,L9,=F9-K9,12.702517149025644,Arriendo!F9 ; Arriendo!K9,1
Arriendo,C10,=+C9+1,7,Arriendo!C9,2
Arriendo,F10,=E10/$B$1,17.95571766468345,Arriendo!E10 ; Arriendo!$B$1,1
Arriendo,G10,='IVA Dptos'!H14/$B$1,1682.9718444165621,IVA Dptos!H14,1
Arriendo,H10,=G10*$B$2,185.12690288582183,Arriendo!G10 ; Arriendo!$B$2,1
Arriendo,I10,=H10/12,15.427241907151819,Arriendo!H10,1
Arriendo,J10,=F10-I10,2.5284757575316323,Arriendo!F10 ; Arriendo!I10,1
Arriendo,K10,=J10*19%,0.48041039393101015,Arriendo!J10,1
Arriendo,L10,=F10-K10,17.47530727075244,Arriendo!F10 ; Arriendo!K10,1
Arriendo,R10,=Q10/$O$1,0.5018820577164367,Arriendo!Q10 ; Arriendo!$O$1,1
Arriendo,S10,=Q10*$O$4,300000,Arriendo!Q10 ; Arriendo!$O$4,1
Arriendo,T10,=S10/$O$1,7.52823086574655,Arriendo!S10 ; Arriendo!$O$1,1
Arriendo,C11,=+C10+1,8,Arriendo!C10,2
Arriendo,F11,=E11/$B$1,17.88554339934127,Arriendo!E11 ; Arriendo!$B$1,1
Arriendo,G11,='IVA Dptos'!H15/$B$1,1659.1960853199498,IVA Dptos!H15,1
Arriendo,H11,=G11*$B$2,182.5115693851945,Arriendo!G11 ; Arriendo!$B$2,1
Arriendo,I11,=H11/12,15.209297448766208,Arriendo!H11,1
Arriendo,J11,=F11-I11,2.676245950575062,Arriendo!F11 ; Arriendo!I11,1
Arriendo,K11,=J11*19%,0.5084867306092618,Arriendo!J11,1
Arriendo,L11,=F11-K11,17.377056668732006,Arriendo!F11 ; Arriendo!K11,1
Arriendo,C12,=+C11+1,9,Arriendo!C11,2
Arriendo,F12,=E12/$B$1,15.508737224529353,Arriendo!E12 ; Arriendo!$B$1,1
Arriendo,G12,='IVA Dptos'!H16/$B$1,1240.3483814303638,IVA Dptos!H16,1
Arriendo,H12,=G12*$B$2,136.43832195734,Arriendo!G12 ; Arriendo!$B$2,1
Arriendo,I12,=H12/12,11.369860163111667,Arriendo!H12,1
Arriendo,J12,=F12-I12,4.138877061417686,Arriendo!F12 ; Arriendo!I12,1
Arriendo,K12,=J12*19%,0.7863866416693603,Arriendo!J12,1
Arriendo,L12,=F12-K12,14.722350582859994,Arriendo!F12 ; Arriendo!K12,1
Arriendo,C13,=+C12+1,10,Arriendo!C12,2
Arriendo,F13,=E13/$B$1,15.258483410625244,Arriendo!E13 ; Arriendo!$B$1,1
Arriendo,G13,='IVA Dptos'!H17/$B$1,1148.4358845671268,IVA Dptos!H17,1
Arriendo,H13,=G13*$B$2,126.32794730238395,Arriendo!G13 ; Arriendo!$B$2,1
Arriendo,I13,=H13/12,10.52732894186533,Arriendo!H13,1
Arriendo,J13,=F13-I13,4.7311544687599145,Arriendo!F13 ; Arriendo!I13,1
Arriendo,K13,=J13*19%,0.8989193490643838,Arriendo!J13,1
Arriendo,L13,=F13-K13,14.35956406156086,Arriendo!F13 ; Arriendo!K13,1
Arriendo,Q13,=R13*O1,22042391.55142142,Arriendo!R13 ; Arriendo!O1,1
Arriendo,R13,=-'Crédito Comercial 12A'!H8,553.134041440939,Crédito Comercial 12A!H8,1
Arriendo,S13,=Q13,22042391.55142142,Arriendo!Q13,0
Arriendo,T13,=S13/$O$1,553.134041440939,Arriendo!S13 ; Arriendo!$O$1,1
Arriendo,C14,=+C13+1,11,Arriendo!C13,2
Arriendo,F14,=E14/$B$1,17.9557260282762,Arriendo!E14 ; Arriendo!$B$1,1
Arriendo,G14,='IVA Dptos'!H18/$B$1,1682.9718444165621,IVA Dptos!H18,1
Arriendo,H14,=G14*$B$2,185.12690288582183,Arriendo!G14 ; Arriendo!$B$2,1
Arriendo,I14,=H14/12,15.427241907151819,Arriendo!H14,1
Arriendo,J14,=F14-I14,2.5284841211243805,Arriendo!F14 ; Arriendo!I14,1
Arriendo,K14,=J14*19%,0.4804119830136323,Arriendo!J14,1
Arriendo,L14,=F14-K14,17.475314045262568,Arriendo!F14 ; Arriendo!K14,1
Arriendo,C15,=+C14+1,12,Arriendo!C14,2
Arriendo,F15,=E15/$B$1,15.500481428606745,Arriendo!E15 ; Arriendo!$B$1,1
Arriendo,G15,='IVA Dptos'!H19/$B$1,1240.3483814303638,IVA Dptos!H19,1
Arriendo,H15,=G15*$B$2,136.43832195734,Arriendo!G15 ; Arriendo!$B$2,1
Arriendo,I15,=H15/12,11.369860163111667,Arriendo!H15,1
Arriendo,J15,=F15-I15,4.130621265495078,Arriendo!F15 ; Arriendo!I15,1
Arriendo,K15,=J15*19%,0.7848180404440648,Arriendo!J15,1
Arriendo,L15,=F15-K15,14.71566338816268,Arriendo!F15 ; Arriendo!K15,1
Arriendo,C16,=+C15+1,13,Arriendo!C15,2
Arriendo,F16,=E16/$B$1,18.000092567767478,Arriendo!E16 ; Arriendo!$B$1,1
Arriendo,G16,='IVA Dptos'!H20/$B$1,1682.9718444165621,IVA Dptos!H20,1
Arriendo,H16,=G16*$B$2,185.12690288582183,Arriendo!G16 ; Arriendo!$B$2,1
Arriendo,I16,=H16/12,15.427241907151819,Arriendo!H16,1
Arriendo,J16,=F16-I16,2.572850660615659,Arriendo!F16 ; Arriendo!I16,1
Arriendo,K16,=J16*19%,0.4888416255169752,Arriendo!J16,1
Arriendo,L16,=F16-K16,17.511250942250502,Arriendo!F16 ; Arriendo!K16,1
Arriendo,Q16,=500000,500000,,0
Arriendo,R16,=Q16/$O$1,12.547051442910917,Arriendo!Q16 ; Arriendo!$O$1,1
Arriendo,S16,=Q16*$O$4,7500000,Arriendo!Q16 ; Arriendo!$O$4,1
Arriendo,T16,=S16/$O$1,188.20577164366375,Arriendo!S16 ; Arriendo!$O$1,1
Arriendo,C17,=+C16+1,14,Arriendo!C16,2
Arriendo,F17,=E17/$B$1,15.479841938800222,Arriendo!E17 ; Arriendo!$B$1,1
Arriendo,G17,='IVA Dptos'!H21/$B$1,1240.3483814303638,IVA Dptos!H21,1
Arriendo,H17,=G17*$B$2,136.43832195734,Arriendo!G17 ; Arriendo!$B$2,1
Arriendo,I17,=H17/12,11.369860163111667,Arriendo!H17,1
Arriendo,J17,=F17-I17,4.109981775688555,Arriendo!F17 ; Arriendo!I17,1
Arriendo,K17,=J17*19%,0.7808965373808254,Arriendo!J17,1
Arriendo,L17,=F17-K17,14.698945401419397,Arriendo!F17 ; Arriendo!K17,1
Arriendo,C18,=+C17+1,15,Arriendo!C17,2
Arriendo,F18,=E18/$B$1,17.943342334392284,Arriendo!E18 ; Arriendo!$B$1,1
Arriendo,G18,='IVA Dptos'!H22/$B$1,1682.9718444165621,IVA Dptos!H22,1
Arriendo,H18,=G18*$B$2,185.12690288582183,Arriendo!G18 ; Arriendo!$B$2,1
Arriendo,I18,=H18/12,15.427241907151819,Arriendo!H18,1
Arriendo,J18,=F18-I18,2.516100427240465,Arriendo!F18 ; Arriendo!I18,1
Arriendo,K18,=J18*19%,0.47805908117568835,Arriendo!J18,1
Arriendo,L18,=F18-K18,17.465283253216597,Arriendo!F18 ; Arriendo!K18,1
Arriendo,E19,=AVERAGE(E4:E18),675837.1308348703,Arriendo!E4:E18,2
Arriendo,F19,=SUM(F4:F18),254.39289742843295,Arriendo!F4:F18,2
Arriendo,K19,=SUM(K4:K18),8.837952493627272,Arriendo!K4:K18,2
Arriendo,L19,=F19-K19,245.55494493480566,Arriendo!F19 ; Arriendo!K19,1
Arriendo,O19,=50%,0.5,,0
Arriendo,Q19,=Q4*O19,357603.17773505975,Arriendo!Q4 ; Arriendo!O19,1
Arriendo,R19,=Q19/$O$1,8.97373093438042,Arriendo!Q19 ; Arriendo!$O$1,1
Arriendo,S19,=Q19*$O$4,5364047.666025897,Arriendo!Q19 ; Arriendo!$O$4,1
Arriendo,T19,=S19/$O$1,134.60596401570632,Arriendo!S19 ; Arriendo!$O$1,1
Arriendo,F20,=+F19*B1,10137556.962523052,Arriendo!F19 ; Arriendo!B1,2
Arriendo,R22,=Q22/$O$1,5.470514429109159,Arriendo!Q22 ; Arriendo!$O$1,1
Arriendo,S22,=Q22*$O$4,3270000,Arriendo!Q22 ; Arriendo!$O$4,1
Arriendo,T22,=S22/$O$1,82.05771643663739,Arriendo!S22 ; Arriendo!$O$1,1
Arriendo,R25,=Q25/$O$1,0,Arriendo!Q25 ; Arriendo!$O$1,1
Arriendo,S25,=Q25*$O$4,0,Arriendo!Q25 ; Arriendo!$O$4,1
Arriendo,T25,=S25/$O$1,0,Arriendo!S25 ; Arriendo!$O$1,1
Arriendo,R28,=Q28/$O$1,0.5018820577164367,Arriendo!Q28 ; Arriendo!$O$1,1
Arriendo,S28,=Q28*$O$4,300000,Arriendo!Q28 ; Arriendo!$O$4,1
Arriendo,T28,=S28/$O$1,7.52823086574655,Arriendo!S28 ; Arriendo!$O$1,1
Arriendo,Q31,=Q4*O31,50064.44488290837,Arriendo!Q4 ; Arriendo!O31,1
Arriendo,R31,=Q31/$O$1,1.256322330813259,Arriendo!Q31 ; Arriendo!$O$1,1
Arriendo,S31,=Q31*$O$4,750966.6732436256,Arriendo!Q31 ; Arriendo!$O$4,1
Arriendo,T31,=S31/$O$1,18.844834962198885,Arriendo!S31 ; Arriendo!$O$1,1
Flujo mensual,E4,=SUM(Arriendo!F4:F5),35.83300526810211,Arriendo!F4:F5,2
Flujo mensual,F4,=SUM(Arriendo!F4:F7),71.65775474028162,Arriendo!F4:F7,2
Flujo mensual,G4,=SUM(Arriendo!F4:F9),102.90493143141072,Arriendo!F4:F9,2
Flujo mensual,H4,=SUM(Arriendo!F4:F11),138.74619249543542,Arriendo!F4:F11,2
Flujo mensual,I4,=SUM(Arriendo!F4:F15),202.96962058747295,Arriendo!F4:F15,2
Flujo mensual,J4,=SUM(Arriendo!F4:F18),254.39289742843295,Arriendo!F4:F18,2
Flujo mensual,K4,=J4,254.39289742843295,Flujo mensual!J4,0
Flujo mensual,L4,=K4,254.39289742843295,Flujo mensual!K4,0
Flujo mensual,M4,=L4,254.39289742843295,Flujo mensual!L4,0
Flujo mensual,N4,=M4,254.39289742843295,Flujo mensual!M4,0
Flujo mensual,O4,=N4,254.39289742843295,Flujo mensual!N4,0
Flujo mensual,P4,=SUM(C4:O4),2078.4688890933003,Flujo mensual!C4:O4,2
Flujo mensual,G5,=C11*0.19,178.79548306148055,Flujo mensual!C11,1
Flujo mensual,P5,=SUM(C5:O5),178.79548306148055,Flujo mensual!C5:O5,2
Flujo mensual,G6,='IVA Dptos'!E23,8157.441355932205,IVA Dptos!E23,0
Flujo mensual,P6,=SUM(C6:O6),8157.441355932205,Flujo mensual!C6:O6,2
Flujo mensual,C7,=SUM(C4:C6),0,Flujo mensual!C4:C6,2
Flujo mensual,D7,=SUM(D4:D6),0,Flujo mensual!D4:D6,2
Flujo mensual,E7,=SUM(E4:E6),35.83300526810211,Flujo mensual!E4:E6,2
Flujo mensual,F7,=SUM(F4:F6),71.65775474028162,Flujo mensual!F4:F6,2
Flujo mensual,G7,=SUM(G4:G6),8439.141770425096,Flujo mensual!G4:G6,2
Flujo mensual,H7,=SUM(H4:H6),138.74619249543542,Flujo mensual!H4:H6,2
Flujo mensual,I7,=SUM(I4:I6),202.96962058747295,Flujo mensual!I4:I6,2
Flujo mensual,J7,=SUM(J4:J6),254.39289742843295,Flujo mensual!J4:J6,2
Flujo mensual,K7,=SUM(K4:K6),254.39289742843295,Flujo mensual!K4:K6,2
Flujo mensual,L7,=SUM(L4:L6),254.39289742843295,Flujo mensual!L4:L6,2
Flujo mensual,M7,=SUM(M4:M6),254.39289742843295,Flujo mensual!M4:M6,2
Flujo mensual,N7,=SUM(N4:N6),254.39289742843295,Flujo mensual!N4:N6,2
Flujo mensual,O7,=SUM(O4:O6),254.39289742843295,Flujo mensual!O4:O6,2
Flujo mensual,P7,=SUM(P4:P6),10414.705728086985,Flujo mensual!P4:P6,2
Flujo mensual,C11,=Arriendo!T7,941.0288582183186,Arriendo!T7,0
Flujo mensual,P11,=SUM(C11:O11),941.0288582183186,Flujo mensual!C11:O11,2
Flujo mensual,G12,=Arriendo!$T$10,7.52823086574655,Arriendo!$T$10,0
Flujo mensual,I12,=Arriendo!$T$10,7.52823086574655,Arriendo!$T$10,0
Flujo mensual,L12,=Arriendo!$T$10,7.52823086574655,Arriendo!$T$10,0
Flujo mensual,N12,=Arriendo!$T$10,7.52823086574655,Arriendo!$T$10,0
Flujo mensual,P12,=SUM(C12:O12),30.1129234629862,Flujo mensual!C12:O12,2
Flujo mensual,D13,=-'Crédito Comercial 12A'!$H$8,553.134041440939,Crédito Comercial 12A!$H$8,1
Flujo mensual,E13,=-'Crédito Comercial 12A'!$H$8,553.134041440939,Crédito Comercial 12A!$H$8,1
Flujo mensual,F13,=-'Crédito Comercial 12A'!$H$8,553.134041440939,Crédito Comercial 12A!$H$8,1
Flujo mensual,G13,=-'Crédito Comercial 12A'!$H$8,553.134041440939,Crédito Comercial 12A!$H$8,1
Flujo mensual,H13,=-'Crédito Comercial 12A'!$H$8,553.134041440939,Crédito Comercial 12A!$H$8,1
Flujo mensual,I13,=-'Crédito Comercial 12A'!$H$8,553.134041440939,Crédito Comercial 12A!$H$8,1
Flujo mensual,J13,=-'Crédito Comercial 12A'!$H$8,553.134041440939,Crédito Comercial 12A!$H$8,1
Flujo mensual,K13,=-'Crédito Comercial 12A'!$H$8,553.134041440939,Crédito Comercial 12A!$H$8,1
Flujo mensual,L13,=-'Crédito Comercial 12A'!$H$8,553.134041440939,Crédito Comercial 12A!$H$8,1
Flujo mensual,M13,=-'Crédito Comercial 12A'!$H$8,553.134041440939,Crédito Comercial 12A!$H$8,1
Flujo mensual,N13,=-'Crédito Comercial 12A'!$H$8,553.134041440939,Crédito Comercial 12A!$H$8,1
Flujo mensual,O13,=-'Crédito Comercial 12A'!$H$8,553.134041440939,Crédito Comercial 12A!$H$8,1
Flujo mensual,P13,=SUM(C13:O13),6637.608497291266,Flujo mensual!C13:O13,2
Flujo mensual,Q13,=+P13-P4,4559.139608197966,Flujo mensual!P13 ; Flujo mensual!P4,2
Flujo mensual,C14,=Arriendo!T16,188.20577164366375,Arriendo!T16,0
Flujo mensual,P14,=SUM(C14:O14),188.20577164366375,Flujo mensual!C14:O14,2
Flujo mensual,E15,=Arriendo!$R$19*2,17.94746186876084,Arriendo!$R$19,1
Flujo mensual,F15,=Arriendo!$R$19*2,17.94746186876084,Arriendo!$R$19,1
Flujo mensual,G15,=Arriendo!$R$19*2,17.94746186876084,Arriendo!$R$19,1
Flujo mensual,H15,=Arriendo!$R$19*2,17.94746186876084,Arriendo!$R$19,1
Flujo mensual,I15,=Arriendo!$R$19*4,35.89492373752168,Arriendo!$R$19,1
Flujo mensual,J15,=Arriendo!$R$19*3,26.92119280314126,Arriendo!$R$19,1
Flujo mensual,P15,=SUM(C15:O15),134.6059640157063,Flujo mensual!C15:O15,2
Flujo mensual,D16,=Arriendo!$T$22,82.05771643663739,Arriendo!$T$22,0
Flujo mensual,E16,=Arriendo!$R$22*13,71.11668757841908,Arriendo!$R$22,1
Flujo mensual,F16,=Arriendo!$R$22*11,60.17565872020075,Arriendo!$R$22,1
Flujo mensual,G16,=Arriendo!$R$22*9,49.234629861982434,Arriendo!$R$22,1
Flujo mensual,H16,=Arriendo!$R$22*7,38.29360100376412,Arriendo!$R$22,1
Flujo mensual,I16,=Arriendo!$R$22*3,16.41154328732748,Arriendo!$R$22,1
Flujo mensual,P16,=SUM(C16:O16),317.2898368883313,Flujo mensual!C16:O16,2
Flujo mensual,E17,=Arriendo!$R$31*2,2.512644661626518,Arriendo!$R$31,1
Flujo mensual,F17,=Arriendo!$R$31*4,5.025289323253036,Arriendo!$R$31,1
Flujo mensual,G17,=Arriendo!$R$31*6,7.537933984879554,Arriendo!$R$31,1
Flujo mensual,H17,=Arriendo!$R$31*8,10.050578646506072,Arriendo!$R$31,1
Flujo mensual,I17,=Arriendo!$R$31*12,15.075867969759107,Arriendo!$R$31,1
Flujo mensual,J17,=Arriendo!$R$31*15,18.844834962198885,Arriendo!$R$31,1
Flujo mensual,K17,=J17,18.844834962198885,Flujo mensual!J17,0
Flujo mensual,L17,=K17,18.844834962198885,Flujo mensual!K17,0
Flujo mensual,M17,=L17,18.844834962198885,Flujo mensual!L17,0
Flujo mensual,N17,=M17,18.844834962198885,Flujo mensual!M17,0
Flujo mensual,O17,=N17,18.844834962198885,Flujo mensual!N17,0
Flujo mensual,P17,=SUM(C17:O17),153.2713243592176,Flujo mensual!C17:O17,2
Flujo mensual,P18,=SUM(C18:O18),0,Flujo mensual!C18:O18,2
Flujo mensual,D19,=Arriendo!$T$28,7.52823086574655,Arriendo!$T$28,0
Flujo mensual,E19,=Arriendo!$T$28,7.52823086574655,Arriendo!$T$28,0
Flujo mensual,F19,=Arriendo!$T$28,7.52823086574655,Arriendo!$T$28,0
Flujo mensual,G19,=Arriendo!$T$28,7.52823086574655,Arriendo!$T$28,0
Flujo mensual,H19,=Arriendo!$T$28,7.52823086574655,Arriendo!$T$28,0
Flujo mensual,I19,=Arriendo!$T$28,7.52823086574655,Arriendo!$T$28,0
Flujo mensual,J19,=Arriendo!$T$28,7.52823086574655,Arriendo!$T$28,0
Flujo mensual,K19,=Arriendo!$T$28,7.52823086574655,Arriendo!$T$28,0
Flujo mensual,L19,=Arriendo!$T$28,7.52823086574655,Arriendo!$T$28,0
Flujo mensual,M19,=Arriendo!$T$28,7.52823086574655,Arriendo!$T$28,0
Flujo mensual,N19,=Arriendo!$T$28,7.52823086574655,Arriendo!$T$28,0
Flujo mensual,O19,=Arriendo!$T$28,7.52823086574655,Arriendo!$T$28,0
Flujo mensual,P19,=SUM(C19:O19),90.3387703889586,Flujo mensual!C19:O19,2
Flujo mensual,E20,=SUM(Arriendo!K4:K5),0.9873285233149758,Arriendo!K4:K5,2
Flujo mensual,F20,=SUM(Arriendo!K4:K7),1.973088445404656,Arriendo!K4:K7,2
Flujo mensual,G20,=SUM(Arriendo!K4:K9),3.1507221108220693,Arriendo!K4:K9,2
Flujo mensual,H20,=SUM(Arriendo!$K$4:$K$11),4.139619235362341,Arriendo!$K$4:$K$11,2
Flujo mensual,I20,=SUM(Arriendo!$K$4:$K$15),7.090155249553782,Arriendo!$K$4:$K$15,2
Flujo mensual,J20,=SUM(Arriendo!$K$4:$K$18),8.837952493627272,Arriendo!$K$4:$K$18,2
Flujo mensual,K20,=+J20,8.837952493627272,Flujo mensual!J20,1
Flujo mensual,L20,=+K20,8.837952493627272,Flujo mensual!K20,1
Flujo mensual,M20,=+L20,8.837952493627272,Flujo mensual!L20,1
Flujo mensual,N20,=+M20,8.837952493627272,Flujo mensual!M20,1
Flujo mensual,O20,=+N20,8.837952493627272,Flujo mensual!N20,1
Flujo mensual,P20,=SUM(C20:O20),70.36862852622146,Flujo mensual!C20:O20,2
Flujo mensual,C21,=SUM(C11:C20),1129.2346298619823,Flujo mensual!C11:C20,2
Flujo mensual,D21,=SUM(D11:D20),642.7199887433229,Flujo mensual!D11:D20,2
Flujo mensual,E21,=SUM(E11:E20),653.2263949388068,Flujo mensual!E11:E20,2
Flujo mensual,F21,=SUM(F11:F20),645.7837706643047,Flujo mensual!F11:F20,2
Flujo mensual,G21,=SUM(G11:G20),646.0612509988769,Flujo mensual!G11:G20,2
Flujo mensual,H21,=SUM(H11:H20),631.0935330610789,Flujo mensual!H11:H20,2
Flujo mensual,I21,=SUM(I11:I20),642.6629934165941,Flujo mensual!I11:I20,2
Flujo mensual,J21,=SUM(J11:J20),615.266252565653,Flujo mensual!J11:J20,2
Flujo mensual,K21,=SUM(K11:K20),588.3450597625117,Flujo mensual!K11:K20,2
Flujo mensual,L21,=SUM(L11:L20),595.8732906282582,Flujo mensual!L11:L20,2
Flujo mensual,M21,=SUM(M11:M20),588.3450597625117,Flujo mensual!M11:M20,2
Flujo mensual,N21,=SUM(N11:N20),595.8732906282582,Flujo mensual!N11:N20,2
Flujo mensual,O21,=SUM(O11:O20),588.3450597625117,Flujo mensual!O11:O20,2
Flujo mensual,P21,=SUM(P11:P20),8562.830574794669,Flujo mensual!P11:P20,2
Flujo mensual,C23,=C7-C21,-1129.2346298619823,Flujo mensual!C7 ; Flujo mensual!C21,1
Flujo mensual,D23,=D7-D21,-642.7199887433229,Flujo mensual!D7 ; Flujo mensual!D21,1
Flujo mensual,E23,=E7-E21,-617.3933896707047,Flujo mensual!E7 ; Flujo mensual!E21,1
Flujo mensual,F23,=F7-F21,-574.1260159240231,Flujo mensual!F7 ; Flujo mensual!F21,1
Flujo mensual,G23,=G7-G21,7793.080519426219,Flujo mensual!G7 ; Flujo mensual!G21,1
Flujo mensual,H23,=H7-H21,-492.3473405656435,Flujo mensual!H7 ; Flujo mensual!H21,1
Flujo mensual,I23,=I7-I21,-439.69337282912113,Flujo mensual!I7 ; Flujo mensual!I21,1
Flujo mensual,J23,=J7-J21,-360.87335513722,Flujo mensual!J7 ; Flujo mensual!J21,1
Flujo mensual,K23,=K7-K21,-333.95216233407876,Flujo mensual!K7 ; Flujo mensual!K21,1
Flujo mensual,L23,=L7-L21,-341.4803931998253,Flujo mensual!L7 ; Flujo mensual!L21,1
Flujo mensual,M23,=M7-M21,-333.95216233407876,Flujo mensual!M7 ; Flujo mensual!M21,1
Flujo mensual,N23,=N7-N21,-341.4803931998253,Flujo mensual!N7 ; Flujo mensual!N21,1
Flujo mensual,O23,=O7-O21,-333.95216233407876,Flujo mensual!O7 ; Flujo mensual!O21,1
Flujo mensual,P23,=SUM(C23:O23),1851.8751532923143,Flujo mensual!C23:O23,2
Flujo mensual,C24,=C23,-1129.2346298619823,Flujo mensual!C23,0
Flujo mensual,D24,=C24+D23,-1771.9546186053053,Flujo mensual!C24 ; Flujo mensual!D23,1
Flujo mensual,E24,=D24+E23,-2389.3480082760098,Flujo mensual!D24 ; Flujo mensual!E23,1
Flujo mensual,F24,=E24+F23,-2963.474024200033,Flujo mensual!E24 ; Flujo mensual!F23,1
Flujo mensual,G24,=F24+G23,4829.606495226186,Flujo mensual!F24 ; Flujo mensual!G23,1
Flujo mensual,H24,=G24+H23,4337.259154660543,Flujo mensual!G24 ; Flujo mensual!H23,1
Flujo mensual,I24,=H24+I23,3897.5657818314216,Flujo mensual!H24 ; Flujo mensual!I23,1
Flujo mensual,J24,=I24+J23,3536.6924266942015,Flujo mensual!I24 ; Flujo mensual!J23,1
Flujo mensual,K24,=J24+K23,3202.7402643601226,Flujo mensual!J24 ; Flujo mensual!K23,1
Flujo mensual,L24,=K24+L23,2861.2598711602973,Flujo mensual!K24 ; Flujo mensual!L23,1
Flujo mensual,M24,=L24+M23,2527.3077088262185,Flujo mensual!L24 ; Flujo mensual!M23,1
Flujo mensual,N24,=M24+N23,2185.827315626393,Flujo mensual!M24 ; Flujo mensual!N23,1
Flujo mensual,O24,=N24+O23,1851.8751532923143,Flujo mensual!N24 ; Flujo mensual!O23,1
Flujo 5 años C12,F3,='Flujo mensual'!P4,2078.4688890933003,Flujo mensual!P4,0
Flujo 5 años C12,G3,='Flujo mensual'!$O$4*12*0.9,2747.443292227076,Flujo mensual!$O$4,2
Flujo 5 años C12,H3,='Flujo mensual'!$O$4*12*0.9,2747.443292227076,Flujo mensual!$O$4,2
Flujo 5 años C12,I3,='Flujo mensual'!$O$4*12*0.9,2747.443292227076,Flujo mensual!$O$4,2
Flujo 5 años C12,J3,='Flujo mensual'!$O$4*12*0.9,2747.443292227076,Flujo mensual!$O$4,2
Flujo 5 años C12,N3,=SUM(F3:M3),13068.242058001604,Flujo 5 años C12!F3:M3,2
Flujo 5 años C12,F4,='Flujo mensual'!G5,178.79548306148055,Flujo mensual!G5,0
Flujo 5 años C12,N4,=SUM(F4:M4),178.79548306148055,Flujo 5 años C12!F4:M4,2
Flujo 5 años C12,F5,='Flujo mensual'!G6,8157.441355932205,Flujo mensual!G6,0
Flujo 5 años C12,N5,=SUM(F5:M5),8157.441355932205,Flujo 5 años C12!F5:M5,2
Flujo 5 años C12,J6,='IVA Dptos'!AD23*0.9,74756.7,IVA Dptos!AD23,1
Flujo 5 años C12,N6,=SUM(F6:M6),74756.7,Flujo 5 años C12!F6:M6,2
Flujo 5 años C12,E7,=SUM(E3:E6),0,Flujo 5 años C12!E3:E6,2
Flujo 5 años C12,F7,=SUM(F3:F6),10414.705728086985,Flujo 5 años C12!F3:F6,2
Flujo 5 años C12,G7,=SUM(G3:G6),2747.443292227076,Flujo 5 años C12!G3:G6,2
Flujo 5 años C12,H7,=SUM(H3:H6),2747.443292227076,Flujo 5 años C12!H3:H6,2
Flujo 5 años C12,I7,=SUM(I3:I6),2747.443292227076,Flujo 5 años C12!I3:I6,2
Flujo 5 años C12,J7,=SUM(J3:J6),77504.14329222708,Flujo 5 años C12!J3:J6,2
Flujo 5 años C12,K7,=SUM(K3:K6),0,Flujo 5 años C12!K3:K6,2
Flujo 5 años C12,L7,=SUM(L3:L6),0,Flujo 5 años C12!L3:L6,2
Flujo 5 años C12,M7,=SUM(M3:M6),0,Flujo 5 años C12!M3:M6,2
Flujo 5 años C12,N7,=SUM(N3:N6),96161.17889699529,Flujo 5 años C12!N3:N6,2
Flujo 5 años C12,E10,='Flujo mensual'!C11,941.0288582183186,Flujo mensual!C11,0
Flujo 5 años C12,N10,=SUM(E10:M10),941.0288582183186,Flujo 5 años C12!E10:M10,2
Flujo 5 años C12,F11,='Flujo mensual'!$P$12,30.1129234629862,Flujo mensual!$P$12,0
Flujo 5 años C12,G11,='Flujo mensual'!$P$12,30.1129234629862,Flujo mensual!$P$12,0
Flujo 5 años C12,H11,='Flujo mensual'!$P$12,30.1129234629862,Flujo mensual!$P$12,0
Flujo 5 años C12,I11,='Flujo mensual'!$P$12,30.1129234629862,Flujo mensual!$P$12,0
Flujo 5 años C12,J11,='Flujo mensual'!$P$12,30.1129234629862,Flujo mensual!$P$12,0
Flujo 5 años C12,N11,=SUM(E11:M11),150.56461731493098,Flujo 5 años C12!E11:M11,2
Flujo 5 años C12,E12,='Crédito Comercial 12A'!D10,0,Crédito Comercial 12A!D10,0
Flujo 5 años C12,N12,=SUM(E12:M12),0,Flujo 5 años C12!E12:M12,2
Flujo 5 años C12,F13,='Flujo mensual'!$P$13,6637.608497291266,Flujo mensual!$P$13,0
Flujo 5 años C12,G13,='Flujo mensual'!$P$13,6637.608497291266,Flujo mensual!$P$13,0
Flujo 5 años C12,H13,='Flujo mensual'!$P$13,6637.608497291266,Flujo mensual!$P$13,0
Flujo 5 años C12,I13,='Flujo mensual'!$P$13,6637.608497291266,Flujo mensual!$P$13,0
Flujo 5 años C12,J13,='Flujo mensual'!$P$13,6637.608497291266,Flujo mensual!$P$13,0
Flujo 5 años C12,N13,=SUM(E13:M13),33188.04248645633,Flujo 5 años C12!E13:M13,2
Flujo 5 años C12,E14,='Flujo mensual'!P14,188.20577164366375,Flujo mensual!P14,0
Flujo 5 años C12,N14,=SUM(E14:M14),188.20577164366375,Flujo 5 años C12!E14:M14,2
Flujo 5 años C12,F15,='Flujo mensual'!P15,134.6059640157063,Flujo mensual!P15,0
Flujo 5 años C12,N15,=SUM(E15:M15),134.6059640157063,Flujo 5 años C12!E15:M15,2
Flujo 5 años C12,F16,='Flujo mensual'!P16,317.2898368883313,Flujo mensual!P16,0
Flujo 5 años C12,N16,=SUM(E16:M16),317.2898368883313,Flujo 5 años C12!E16:M16,2
Flujo 5 años C12,F17,='Flujo mensual'!P17,153.2713243592176,Flujo mensual!P17,0
Flujo 5 años C12,G17,='Flujo mensual'!$O$17*12*0.9,203.52421759174794,Flujo mensual!$O$17,2
Flujo 5 años C12,H17,='Flujo mensual'!$O$17*12*0.9,203.52421759174794,Flujo mensual!$O$17,2
Flujo 5 años C12,I17,='Flujo mensual'!$O$17*12*0.9,203.52421759174794,Flujo mensual!$O$17,2
Flujo 5 años C12,J17,='Flujo mensual'!$O$17*12*0.9,203.52421759174794,Flujo mensual!$O$17,2
Flujo 5 años C12,N17,=SUM(E17:M17),967.3681947262095,Flujo 5 años C12!E17:M17,2
Flujo 5 años C12,F18,='Flujo mensual'!$P$19,90.3387703889586,Flujo mensual!$P$19,0
Flujo 5 años C12,G18,='Flujo mensual'!$P$19,90.3387703889586,Flujo mensual!$P$19,0
Flujo 5 años C12,H18,='Flujo mensual'!$P$19,90.3387703889586,Flujo mensual!$P$19,0
Flujo 5 años C12,I18,='Flujo mensual'!$P$19,90.3387703889586,Flujo mensual!$P$19,0
Flujo 5 años C12,J18,='Flujo mensual'!$P$19,90.3387703889586,Flujo mensual!$P$19,0
Flujo 5 años C12,N18,=SUM(E18:M18),451.693851944793,Flujo 5 años C12!E18:M18,2
Flujo 5 años C12,F19,='Crédito C12'!O9,67.5,Crédito C12!O9,0
Flujo 5 años C12,G19,='Crédito C12'!AA9,180,Crédito C12!AA9,0
Flujo 5 años C12,H19,='Crédito C12'!AM9,412.5,Crédito C12!AM9,0
Flujo 5 años C12,I19,='Crédito C12'!AY9,705,Crédito C12!AY9,0
Flujo 5 años C12,J19,='Crédito C12'!BK9,910,Crédito C12!BK9,0
Flujo 5 años C12,N19,=SUM(E19:M19),2275,Flujo 5 años C12!E19:M19,2
Flujo 5 años C12,F20,='Flujo mensual'!P20,70.36862852622146,Flujo mensual!P20,0
Flujo 5 años C12,G20,='Flujo mensual'!$O$20*12,106.05542992352727,Flujo mensual!$O$20,1
Flujo 5 años C12,H20,='Flujo mensual'!$O$20*12,106.05542992352727,Flujo mensual!$O$20,1
Flujo 5 años C12,I20,='Flujo mensual'!$O$20*12,106.05542992352727,Flujo mensual!$O$20,1
Flujo 5 años C12,J20,='Flujo mensual'!$O$20*12,106.05542992352727,Flujo mensual!$O$20,1
Flujo 5 años C12,N20,=SUM(E20:M20),494.5903482203306,Flujo 5 años C12!E20:M20,2
Flujo 5 años C12,E22,=SUM(E10:E21),1129.2346298619823,Flujo 5 años C12!E10:E21,2
Flujo 5 años C12,F22,=SUM(F10:F21),7501.095944932687,Flujo 5 años C12!F10:F21,2
Flujo 5 años C12,G22,=SUM(G10:G21),7247.639838658486,Flujo 5 años C12!G10:G21,2
Flujo 5 años C12,H22,=SUM(H10:H21),7480.139838658486,Flujo 5 años C12!H10:H21,2
Flujo 5 años C12,I22,=SUM(I10:I21),7772.639838658486,Flujo 5 años C12!I10:I21,2
Flujo 5 años C12,J22,=SUM(J10:J21),7977.639838658486,Flujo 5 años C12!J10:J21,2
Flujo 5 años C12,K22,=SUM(K10:K21),0,Flujo 5 años C12!K10:K21,2
Flujo 5 años C12,L22,=SUM(L10:L20),0,Flujo 5 años C12!L10:L20,2
Flujo 5 años C12,M22,=SUM(M10:M20),0,Flujo 5 años C12!M10:M20,2
Flujo 5 años C12,N22,=SUM(N10:N20),39108.38992942861,Flujo 5 años C12!N10:N20,2
Flujo 5 años C12,E24,=E7-E22,-1129.2346298619823,Flujo 5 años C12!E7 ; Flujo 5 años C12!E22,1
Flujo 5 años C12,F24,=F7-F22,2913.6097831542975,Flujo 5 años C12!F7 ; Flujo 5 años C12!F22,1
Flujo 5 años C12,G24,=G7-G22,-4500.19654643141,Flujo 5 años C12!G7 ; Flujo 5 años C12!G22,1
Flujo 5 años C12,H24,=H7-H22,-4732.69654643141,Flujo 5 años C12!H7 ; Flujo 5 años C12!H22,1
Flujo 5 años C12,I24,=I7-I22,-5025.19654643141,Flujo 5 años C12!I7 ; Flujo 5 años C12!I22,1
Flujo 5 años C12,J24,=J7-J22,69526.50345356858,Flujo 5 años C12!J7 ; Flujo 5 años C12!J22,1
Flujo 5 años C12,L24,=L7-L22,0,Flujo 5 años C12!L7 ; Flujo 5 años C12!L22,1
Flujo 5 años C12,M24,=M7-M22,0,Flujo 5 años C12!M7 ; Flujo 5 años C12!M22,1
Flujo 5 años C12,N24,=SUM(E24:M24),57052.78896756667,Flujo 5 años C12!E24:M24,2
Flujo 5 años C12,P24,=N7-N22-J27-J28,10075.89414408931,Flujo 5 años C12!N7 ; Flujo 5 años C12!N22 ; Flujo 5 años C12!J27 ; Flujo 5 años C12!J28,3
Flujo 5 años C12,E25,=E24,-1129.2346298619823,Flujo 5 años C12!E24,0
Flujo 5 años C12,F25,=E25+F24,1784.3751532923152,Flujo 5 años C12!E25 ; Flujo 5 años C12!F24,1
Flujo 5 años C12,G25,=F25+G24,-2715.8213931390947,Flujo 5 años C12!F25 ; Flujo 5 años C12!G24,1
Flujo 5 años C12,H25,=G25+H24,-7448.5179395705045,Flujo 5 años C12!G25 ; Flujo 5 años C12!H24,1
Flujo 5 años C12,I25,=H25+I24,-12473.714486001914,Flujo 5 años C12!H25 ; Flujo 5 años C12!I24,1
Flujo 5 años C12,J25,=I25+J24,57052.78896756667,Flujo 5 años C12!I25 ; Flujo 5 años C12!J24,1
Flujo 5 años C12,E27,=E4+E5-E20,0,Flujo 5 años C12!E4 ; Flujo 5 años C12!E5 ; Flujo 5 años C12!E20,2
Flujo 5 años C12,F27,=F4+F5-F20,8265.868210467464,Flujo 5 años C12!F4 ; Flujo 5 años C12!F5 ; Flujo 5 años C12!F20,2
Flujo 5 años C12,G27,=F27-G20,8159.812780543937,Flujo 5 años C12!F27 ; Flujo 5 años C12!G20,1
Flujo 5 años C12,H27,=G27-H20,8053.75735062041,Flujo 5 años C12!G27 ; Flujo 5 años C12!H20,1
Flujo 5 años C12,I27,=H27-I20,7947.701920696883,Flujo 5 años C12!H27 ; Flujo 5 años C12!I20,1
Flujo 5 años C12,J27,=I27-J20,7841.646490773355,Flujo 5 años C12!I27 ; Flujo 5 años C12!J20,1
Flujo 5 años C12,J28,='Crédito Comercial 12A'!K67,39135.24833270402,Crédito Comercial 12A!K67,0
Flujo 5 años C12,N30,=SUM(E30:J30),13000,Flujo 5 años C12!E30:J30,2
Flujo 5 años C12,L31,=-N30,-13000,Flujo 5 años C12!N30,1
Flujo 5 años C12,M32,=-L36,-10075.8941440893,Flujo 5 años C12!L36,1
Flujo 5 años C12,E33,=SUM(E30:E32),1500,Flujo 5 años C12!E30:E32,2
Flujo 5 años C12,F33,=SUM(F30:F32),0,Flujo 5 años C12!F30:F32,2
Flujo 5 años C12,G33,=SUM(G30:G32),2000,Flujo 5 años C12!G30:G32,2
Flujo 5 años C12,H33,=SUM(H30:H32),4500,Flujo 5 años C12!H30:H32,2
Flujo 5 años C12,I33,=SUM(I30:I32),5000,Flujo 5 años C12!I30:I32,2
Flujo 5 años C12,J33,=SUM(J30:J32),0,Flujo 5 años C12!J30:J32,2
Flujo 5 años C12,L33,=SUM(L30:L32),-13000,Flujo 5 años C12!L30:L32,2
Flujo 5 años C12,M33,=SUM(M30:M32),-10075.8941440893,Flujo 5 años C12!M30:M32,2
Flujo 5 años C12,N33,=SUM(N30:N32),13000,Flujo 5 años C12!N30:N32,2
Flujo 5 años C12,E35,=+E25+E33,370.7653701380177,Flujo 5 años C12!E25 ; Flujo 5 años C12!E33,2
Flujo 5 años C12,F35,=+F24+F33,2913.6097831542975,Flujo 5 años C12!F24 ; Flujo 5 años C12!F33,2
Flujo 5 años C12,G35,=+G24+G33,-2500.19654643141,Flujo 5 años C12!G24 ; Flujo 5 años C12!G33,2
Flujo 5 años C12,H35,=+H24+H33,-232.69654643140984,Flujo 5 años C12!H24 ; Flujo 5 años C12!H33,2
Flujo 5 años C12,I35,=+I24+I33,-25.196546431409843,Flujo 5 años C12!I24 ; Flujo 5 años C12!I33,2
Flujo 5 años C12,J35,=+J24-J27-J28+J33,22549.608630091214,Flujo 5 años C12!J24 ; Flujo 5 años C12!J27 ; Flujo 5 años C12!J28 ; Flujo 5 años C12!J33,4
Flujo 5 años C12,L35,=+L24+L33-L27-L28,-13000,Flujo 5 años C12!L24 ; Flujo 5 años C12!L33 ; Flujo 5 años C12!L27 ; Flujo 5 años C12!L28,4
Flujo 5 años C12,M35,=+M24+M33-M27-M28,-10075.8941440893,Flujo 5 años C12!M24 ; Flujo 5 años C12!M33 ; Flujo 5 años C12!M27 ; Flujo 5 años C12!M28,4
Flujo 5 años C12,N35,=SUM(E35:M35),0,Flujo 5 años C12!E35:M35,2
Flujo 5 años C12,E36,=+E35,370.7653701380177,Flujo 5 años C12!E35,1
Flujo 5 años C12,F36,=+F35+E36,3284.375153292315,Flujo 5 años C12!F35 ; Flujo 5 años C12!E36,2
Flujo 5 años C12,G36,=+G35+F36,784.1786068609053,Flujo 5 años C12!G35 ; Flujo 5 años C12!F36,2
Flujo 5 años C12,H36,=+H35+G36,551.4820604294955,Flujo 5 años C12!H35 ; Flujo 5 años C12!G36,2
Flujo 5 años C12,I36,=+I35+H36,526.2855139980857,Flujo 5 años C12!I35 ; Flujo 5 años C12!H36,2
Flujo 5 años C12,J36,=+J35+I36,23075.8941440893,Flujo 5 años C12!J35 ; Flujo 5 años C12!I36,2
Flujo 5 años C12,L36,=+L35+J36,10075.8941440893,Flujo 5 años C12!L35 ; Flujo 5 años C12!J36,2
Flujo 5 años C12,M36,=+M35+L36,0,Flujo 5 años C12!M35 ; Flujo 5 años C12!L36,2
Flujo 5 años C12,M38,=+J25-J27-J28,10075.894144089296,Flujo 5 años C12!J25 ; Flujo 5 años C12!J27 ; Flujo 5 años C12!J28,3
Flujo 5 años C12,D40,=IRR(E25:J25),0.6979300748927069,Flujo 5 años C12!E25:J25,2
Flujo 5 años C12 (2),F5,='Flujo mensual'!P4,2078.4688890933003,Flujo mensual!P4,0
Flujo 5 años C12 (2),G5,='Flujo mensual'!$O$4*12*0.9,2747.443292227076,Flujo mensual!$O$4,2
Flujo 5 años C12 (2),H5,='Flujo mensual'!$O$4*12*0.9,2747.443292227076,Flujo mensual!$O$4,2
Flujo 5 años C12 (2),I5,='Flujo mensual'!$O$4*12*0.9,2747.443292227076,Flujo mensual!$O$4,2
Flujo 5 años C12 (2),J5,='Flujo mensual'!$O$4*12*0.9,2747.443292227076,Flujo mensual!$O$4,2
Flujo 5 años C12 (2),N5,=SUM(F5:M5),13068.242058001604,Flujo 5 años C12 (2)!F5:M5,2
Flujo 5 años C12 (2),R5,='Flujo 5 años C20'!F3,2078.4688890933003,Flujo 5 años C20!F3,0
Flujo 5 años C12 (2),S5,='Flujo 5 años C20'!G3,2747.443292227076,Flujo 5 años C20!G3,0
Flujo 5 años C12 (2),T5,='Flujo 5 años C20'!H3,2747.443292227076,Flujo 5 años C20!H3,0
Flujo 5 años C12 (2),U5,='Flujo 5 años C20'!I3,2747.443292227076,Flujo 5 años C20!I3,0
Flujo 5 años C12 (2),V5,='Flujo 5 años C20'!J3,2747.443292227076,Flujo 5 años C20!J3,0
Flujo 5 años C12 (2),Z5,=SUM(R5:Y5),13068.242058001604,Flujo 5 años C12 (2)!R5:Y5,2
Flujo 5 años C12 (2),F6,='Flujo mensual'!G5,178.79548306148055,Flujo mensual!G5,0
Flujo 5 años C12 (2),N6,=SUM(F6:M6),178.79548306148055,Flujo 5 años C12 (2)!F6:M6,2
Flujo 5 años C12 (2),R6,='Flujo 5 años C20'!F4,178.79548306148055,Flujo 5 años C20!F4,0
Flujo 5 años C12 (2),Z6,=SUM(R6:Y6),178.79548306148055,Flujo 5 años C12 (2)!R6:Y6,2
Flujo 5 años C12 (2),F7,='Flujo mensual'!G6,8157.441355932205,Flujo mensual!G6,0
Flujo 5 años C12 (2),N7,=SUM(F7:M7),8157.441355932205,Flujo 5 años C12 (2)!F7:M7,2
Flujo 5 años C12 (2),R7,='Flujo 5 años C20'!F5,8157.441355932205,Flujo 5 años C20!F5,0
Flujo 5 años C12 (2),Z7,=SUM(R7:Y7),8157.441355932205,Flujo 5 años C12 (2)!R7:Y7,2
Flujo 5 años C12 (2),J8,='IVA Dptos'!AD23,83063,IVA Dptos!AD23,0
Flujo 5 años C12 (2),N8,='Flujo 5 años C12'!N6,74756.7,Flujo 5 años C12!N6,0
Flujo 5 años C12 (2),V8,='Flujo 5 años C20'!J6,74756.7,Flujo 5 años C20!J6,0
Flujo 5 años C12 (2),Z8,=SUM(R8:Y8),74756.7,Flujo 5 años C12 (2)!R8:Y8,2
Flujo 5 años C12 (2),E9,=SUM(E5:E8),0,Flujo 5 años C12 (2)!E5:E8,2
Flujo 5 años C12 (2),F9,=SUM(F5:F8),10414.705728086985,Flujo 5 años C12 (2)!F5:F8,2
Flujo 5 años C12 (2),G9,=SUM(G5:G8),2747.443292227076,Flujo 5 años C12 (2)!G5:G8,2
Flujo 5 años C12 (2),H9,=SUM(H5:H8),2747.443292227076,Flujo 5 años C12 (2)!H5:H8,2
Flujo 5 años C12 (2),I9,=SUM(I5:I8),2747.443292227076,Flujo 5 años C12 (2)!I5:I8,2
Flujo 5 años C12 (2),J9,=SUM(J5:J8),85810.44329222708,Flujo 5 años C12 (2)!J5:J8,2
Flujo 5 años C12 (2),K9,=SUM(K5:K8),0,Flujo 5 años C12 (2)!K5:K8,2
Flujo 5 años C12 (2),L9,=SUM(L5:L8),0,Flujo 5 años C12 (2)!L5:L8,2
Flujo 5 años C12 (2),M9,=SUM(M5:M8),0,Flujo 5 años C12 (2)!M5:M8,2
Flujo 5 años C12 (2),N9,=SUM(N5:N8),96161.17889699529,Flujo 5 años C12 (2)!N5:N8,2
Flujo 5 años C12 (2),R9,=SUM(R5:R8),10414.705728086985,Flujo 5 años C12 (2)!R5:R8,2
Flujo 5 años C12 (2),S9,=SUM(S5:S8),2747.443292227076,Flujo 5 años C12 (2)!S5:S8,2
Flujo 5 años C12 (2),T9,=SUM(T5:T8),2747.443292227076,Flujo 5 años C12 (2)!T5:T8,2
Flujo 5 años C12 (2),U9,=SUM(U5:U8),2747.443292227076,Flujo 5 años C12 (2)!U5:U8,2
Flujo 5 años C12 (2),V9,=SUM(V5:V8),77504.14329222708,Flujo 5 años C12 (2)!V5:V8,2
Flujo 5 años C12 (2),Z9,=SUM(Z5:Z8),96161.17889699529,Flujo 5 años C12 (2)!Z5:Z8,2
Flujo 5 años C12 (2),E12,='Flujo mensual'!C11,941.0288582183186,Flujo mensual!C11,0
Flujo 5 años C12 (2),N12,=SUM(E12:M12),941.0288582183186,Flujo 5 años C12 (2)!E12:M12,2
Flujo 5 años C12 (2),P12,='Flujo 5 años C20'!D10,Amoblado,Flujo 5 años C20!D10,0
Flujo 5 años C12 (2),Q12,='Flujo 5 años C20'!E10,941.0288582183186,Flujo 5 años C20!E10,0
Flujo 5 años C12 (2),R12,='Flujo 5 años C20'!F10,0,Flujo 5 años C20!F10,0
Flujo 5 años C12 (2),S12,='Flujo 5 años C20'!G10,0,Flujo 5 años C20!G10,0
Flujo 5 años C12 (2),T12,='Flujo 5 años C20'!H10,0,Flujo 5 años C20!H10,0
Flujo 5 años C12 (2),U12,='Flujo 5 años C20'!I10,0,Flujo 5 años C20!I10,0
Flujo 5 años C12 (2),V12,='Flujo 5 años C20'!J10,0,Flujo 5 años C20!J10,0
Flujo 5 años C12 (2),W12,='Flujo 5 años C20'!K10,0,Flujo 5 años C20!K10,0
Flujo 5 años C12 (2),X12,='Flujo 5 años C20'!L10,0,Flujo 5 años C20!L10,0
Flujo 5 años C12 (2),Y12,='Flujo 5 años C20'!M10,0,Flujo 5 años C20!M10,0
Flujo 5 años C12 (2),Z12,=SUM(Q12:Y12),941.0288582183186,Flujo 5 años C12 (2)!Q12:Y12,2
Flujo 5 años C12 (2),F13,='Flujo mensual'!$P$12,30.1129234629862,Flujo mensual!$P$12,0
Flujo 5 años C12 (2),G13,='Flujo mensual'!$P$12,30.1129234629862,Flujo mensual!$P$12,0
Flujo 5 años C12 (2),H13,='Flujo mensual'!$P$12,30.1129234629862,Flujo mensual!$P$12,0
Flujo 5 años C12 (2),I13,='Flujo mensual'!$P$12,30.1129234629862,Flujo mensual!$P$12,0
Flujo 5 años C12 (2),J13,='Flujo mensual'!$P$12,30.1129234629862,Flujo mensual!$P$12,0
Flujo 5 años C12 (2),N13,=SUM(E13:M13),150.56461731493098,Flujo 5 años C12 (2)!E13:M13,2
Flujo 5 años C12 (2),P13,='Flujo 5 años C20'!D11,Contribuciones,Flujo 5 años C20!D11,0
Flujo 5 años C12 (2),Q13,='Flujo 5 años C20'!E11,0,Flujo 5 años C20!E11,0
Flujo 5 años C12 (2),R13,='Flujo 5 años C20'!F11,30.1129234629862,Flujo 5 años C20!F11,0
Flujo 5 años C12 (2),S13,='Flujo 5 años C20'!G11,30.1129234629862,Flujo 5 años C20!G11,0
Flujo 5 años C12 (2),T13,='Flujo 5 años C20'!H11,30.1129234629862,Flujo 5 años C20!H11,0
Flujo 5 años C12 (2),U13,='Flujo 5 años C20'!I11,30.1129234629862,Flujo 5 años C20!I11,0
Flujo 5 años C12 (2),V13,='Flujo 5 años C20'!J11,30.1129234629862,Flujo 5 años C20!J11,0
Flujo 5 años C12 (2),W13,='Flujo 5 años C20'!K11,0,Flujo 5 años C20!K11,0
Flujo 5 años C12 (2),X13,='Flujo 5 años C20'!L11,0,Flujo 5 años C20!L11,0
Flujo 5 años C12 (2),Y13,='Flujo 5 años C20'!M11,0,Flujo 5 años C20!M11,0
Flujo 5 años C12 (2),Z13,=SUM(Q13:Y13),150.56461731493098,Flujo 5 años C12 (2)!Q13:Y13,2
Flujo 5 años C12 (2),E14,='Crédito Comercial 12A'!D10,0,Crédito Comercial 12A!D10,0
Flujo 5 años C12 (2),N14,=SUM(E14:M14),0,Flujo 5 años C12 (2)!E14:M14,2
Flujo 5 años C12 (2),P14,='Flujo 5 años C20'!D12,Cuota de alzaminto,Flujo 5 años C20!D12,0
Flujo 5 años C12 (2),Q14,='Flujo 5 años C20'!E12,0,Flujo 5 años C20!E12,0
Flujo 5 años C12 (2),R14,='Flujo 5 años C20'!F12,0,Flujo 5 años C20!F12,0
Flujo 5 años C12 (2),S14,='Flujo 5 años C20'!G12,0,Flujo 5 años C20!G12,0
Flujo 5 años C12 (2),T14,='Flujo 5 años C20'!H12,0,Flujo 5 años C20!H12,0
Flujo 5 años C12 (2),U14,='Flujo 5 años C20'!I12,0,Flujo 5 años C20!I12,0
Flujo 5 años C12 (2),V14,='Flujo 5 años C20'!J12,0,Flujo 5 años C20!J12,0
Flujo 5 años C12 (2),W14,='Flujo 5 años C20'!K12,0,Flujo 5 años C20!K12,0
Flujo 5 años C12 (2),X14,='Flujo 5 años C20'!L12,0,Flujo 5 años C20!L12,0
Flujo 5 años C12 (2),Y14,='Flujo 5 años C20'!M12,0,Flujo 5 años C20!M12,0
Flujo 5 años C12 (2),Z14,=SUM(Q14:Y14),0,Flujo 5 años C12 (2)!Q14:Y14,2
Flujo 5 años C12 (2),F15,='Flujo mensual'!$P$13,6637.608497291266,Flujo mensual!$P$13,0
Flujo 5 años C12 (2),G15,='Flujo mensual'!$P$13,6637.608497291266,Flujo mensual!$P$13,0
Flujo 5 años C12 (2),H15,='Flujo mensual'!$P$13,6637.608497291266,Flujo mensual!$P$13,0
Flujo 5 años C12 (2),I15,='Flujo mensual'!$P$13,6637.608497291266,Flujo mensual!$P$13,0
Flujo 5 años C12 (2),J15,='Flujo mensual'!$P$13,6637.608497291266,Flujo mensual!$P$13,0
Flujo 5 años C12 (2),N15,=SUM(E15:M15),33188.04248645633,Flujo 5 años C12 (2)!E15:M15,2
Flujo 5 años C12 (2),P15,='Flujo 5 años C20'!D13,Dividendo,Flujo 5 años C20!D13,0
Flujo 5 años C12 (2),Q15,='Flujo 5 años C20'!E13,0,Flujo 5 años C20!E13,0
Flujo 5 años C12 (2),R15,='Flujo 5 años C20'!F13,4736.266868150198,Flujo 5 años C20!F13,0
Flujo 5 años C12 (2),S15,='Flujo 5 años C20'!G13,4736.266868150198,Flujo 5 años C20!G13,0
Flujo 5 años C12 (2),T15,='Flujo 5 años C20'!H13,4736.266868150198,Flujo 5 años C20!H13,0
Flujo 5 años C12 (2),U15,='Flujo 5 años C20'!I13,4736.266868150198,Flujo 5 años C20!I13,0
Flujo 5 años C12 (2),V15,='Flujo 5 años C20'!J13,4736.266868150198,Flujo 5 años C20!J13,0
Flujo 5 años C12 (2),W15,='Flujo 5 años C20'!K13,0,Flujo 5 años C20!K13,0
Flujo 5 años C12 (2),X15,='Flujo 5 años C20'!L13,0,Flujo 5 años C20!L13,0
Flujo 5 años C12 (2),Y15,='Flujo 5 años C20'!M13,0,Flujo 5 años C20!M13,0
Flujo 5 años C12 (2),Z15,=SUM(Q15:Y15),23681.33434075099,Flujo 5 años C12 (2)!Q15:Y15,2
Flujo 5 años C12 (2),E16,='Flujo mensual'!P14,188.20577164366375,Flujo mensual!P14,0
Flujo 5 años C12 (2),N16,=SUM(E16:M16),188.20577164366375,Flujo 5 años C12 (2)!E16:M16,2
Flujo 5 años C12 (2),P16,='Flujo 5 años C20'!D14,Gasto operacional,Flujo 5 años C20!D14,0
Flujo 5 años C12 (2),Q16,='Flujo 5 años C20'!E14,188.20577164366375,Flujo 5 años C20!E14,0
Flujo 5 años C12 (2),R16,='Flujo 5 años C20'!F14,0,Flujo 5 años C20!F14,0
Flujo 5 años C12 (2),S16,='Flujo 5 años C20'!G14,0,Flujo 5 años C20!G14,0
Flujo 5 años C12 (2),T16,='Flujo 5 años C20'!H14,0,Flujo 5 años C20!H14,0
Flujo 5 años C12 (2),U16,='Flujo 5 años C20'!I14,0,Flujo 5 años C20!I14,0
Flujo 5 años C12 (2),V16,='Flujo 5 años C20'!J14,0,Flujo 5 años C20!J14,0
Flujo 5 años C12 (2),W16,='Flujo 5 años C20'!K14,0,Flujo 5 años C20!K14,0
Flujo 5 años C12 (2),X16,='Flujo 5 años C20'!L14,0,Flujo 5 años C20!L14,0
Flujo 5 años C12 (2),Y16,='Flujo 5 años C20'!M14,0,Flujo 5 años C20!M14,0
Flujo 5 años C12 (2),Z16,=SUM(Q16:Y16),188.20577164366375,Flujo 5 años C12 (2)!Q16:Y16,2
Flujo 5 años C12 (2),F17,='Flujo mensual'!P15,134.6059640157063,Flujo mensual!P15,0
Flujo 5 años C12 (2),N17,=SUM(E17:M17),134.6059640157063,Flujo 5 años C12 (2)!E17:M17,2
Flujo 5 años C12 (2),P17,='Flujo 5 años C20'!D15,Comisión corredor,Flujo 5 años C20!D15,0
Flujo 5 años C12 (2),Q17,='Flujo 5 años C20'!E15,0,Flujo 5 años C20!E15,0
Flujo 5 años C12 (2),R17,='Flujo 5 años C20'!F15,134.6059640157063,Flujo 5 años C20!F15,0
Flujo 5 años C12 (2),S17,='Flujo 5 años C20'!G15,0,Flujo 5 años C20!G15,0
Flujo 5 años C12 (2),T17,='Flujo 5 años C20'!H15,0,Flujo 5 años C20!H15,0
Flujo 5 años C12 (2),U17,='Flujo 5 años C20'!I15,0,Flujo 5 años C20!I15,0
Flujo 5 años C12 (2),V17,='Flujo 5 años C20'!J15,0,Flujo 5 años C20!J15,0
Flujo 5 años C12 (2),W17,='Flujo 5 años C20'!K15,0,Flujo 5 años C20!K15,0
Flujo 5 años C12 (2),X17,='Flujo 5 años C20'!L15,0,Flujo 5 años C20!L15,0
Flujo 5 años C12 (2),Y17,='Flujo 5 años C20'!M15,0,Flujo 5 años C20!M15,0
Flujo 5 años C12 (2),Z17,=SUM(Q17:Y17),134.6059640157063,Flujo 5 años C12 (2)!Q17:Y17,2
Flujo 5 años C12 (2),F18,='Flujo mensual'!P16,317.2898368883313,Flujo mensual!P16,0
Flujo 5 años C12 (2),N18,=SUM(E18:M18),317.2898368883313,Flujo 5 años C12 (2)!E18:M18,2
Flujo 5 años C12 (2),P18,='Flujo 5 años C20'!D16,Gasto común,Flujo 5 años C20!D16,0
Flujo 5 años C12 (2),Q18,='Flujo 5 años C20'!E16,0,Flujo 5 años C20!E16,0
Flujo 5 años C12 (2),R18,='Flujo 5 años C20'!F16,317.2898368883313,Flujo 5 años C20!F16,0
Flujo 5 años C12 (2),S18,='Flujo 5 años C20'!G16,0,Flujo 5 años C20!G16,0
Flujo 5 años C12 (2),T18,='Flujo 5 años C20'!H16,0,Flujo 5 años C20!H16,0
Flujo 5 años C12 (2),U18,='Flujo 5 años C20'!I16,0,Flujo 5 años C20!I16,0
Flujo 5 años C12 (2),V18,='Flujo 5 años C20'!J16,0,Flujo 5 años C20!J16,0
Flujo 5 años C12 (2),W18,='Flujo 5 años C20'!K16,0,Flujo 5 años C20!K16,0
Flujo 5 años C12 (2),X18,='Flujo 5 años C20'!L16,0,Flujo 5 años C20!L16,0
Flujo 5 años C12 (2),Y18,='Flujo 5 años C20'!M16,0,Flujo 5 años C20!M16,0
Flujo 5 años C12 (2),Z18,=SUM(Q18:Y18),317.2898368883313,Flujo 5 años C12 (2)!Q18:Y18,2
Flujo 5 años C12 (2),F19,='Flujo mensual'!P17,153.2713243592176,Flujo mensual!P17,0
Flujo 5 años C12 (2),G19,='Flujo mensual'!$O$17*12*0.9,203.52421759174794,Flujo mensual!$O$17,2
Flujo 5 años C12 (2),H19,='Flujo mensual'!$O$17*12*0.9,203.52421759174794,Flujo mensual!$O$17,2
Flujo 5 años C12 (2),I19,='Flujo mensual'!$O$17*12*0.9,203.52421759174794,Flujo mensual!$O$17,2
Flujo 5 años C12 (2),J19,='Flujo mensual'!$O$17*12*0.9,203.52421759174794,Flujo mensual!$O$17,2
Flujo 5 años C12 (2),N19,=SUM(E19:M19),967.3681947262095,Flujo 5 años C12 (2)!E19:M19,2
Flujo 5 años C12 (2),P19,='Flujo 5 años C20'!D17,Administración,Flujo 5 años C20!D17,0
Flujo 5 años C12 (2),Q19,='Flujo 5 años C20'!E17,0,Flujo 5 años C20!E17,0
Flujo 5 años C12 (2),R19,='Flujo 5 años C20'!F17,153.2713243592176,Flujo 5 años C20!F17,0
Flujo 5 años C12 (2),S19,='Flujo 5 años C20'!G17,203.52421759174794,Flujo 5 años C20!G17,0
Flujo 5 años C12 (2),T19,='Flujo 5 años C20'!H17,203.52421759174794,Flujo 5 años C20!H17,0
Flujo 5 años C12 (2),U19,='Flujo 5 años C20'!I17,203.52421759174794,Flujo 5 años C20!I17,0
Flujo 5 años C12 (2),V19,='Flujo 5 años C20'!J17,203.52421759174794,Flujo 5 años C20!J17,0
Flujo 5 años C12 (2),W19,='Flujo 5 años C20'!K17,0,Flujo 5 años C20!K17,0
Flujo 5 años C12 (2),X19,='Flujo 5 años C20'!L17,0,Flujo 5 años C20!L17,0
Flujo 5 años C12 (2),Y19,='Flujo 5 años C20'!M17,0,Flujo 5 años C20!M17,0
Flujo 5 años C12 (2),Z19,=SUM(Q19:Y19),967.3681947262095,Flujo 5 años C12 (2)!Q19:Y19,2
Flujo 5 años C12 (2),F20,='Flujo mensual'!$P$19,90.3387703889586,Flujo mensual!$P$19,0
Flujo 5 años C12 (2),G20,='Flujo mensual'!$P$19,90.3387703889586,Flujo mensual!$P$19,0
Flujo 5 años C12 (2),H20,='Flujo mensual'!$P$19,90.3387703889586,Flujo mensual!$P$19,0
Flujo 5 años C12 (2),I20,='Flujo mensual'!$P$19,90.3387703889586,Flujo mensual!$P$19,0
Flujo 5 años C12 (2),J20,='Flujo mensual'!$P$19,90.3387703889586,Flujo mensual!$P$19,0
Flujo 5 años C12 (2),N20,=SUM(E20:M20),451.693851944793,Flujo 5 años C12 (2)!E20:M20,2
Flujo 5 años C12 (2),P20,='Flujo 5 años C20'!D18,Imprevistos,Flujo 5 años C20!D18,0
Flujo 5 años C12 (2),Q20,='Flujo 5 años C20'!E18,0,Flujo 5 años C20!E18,0
Flujo 5 años C12 (2),R20,='Flujo 5 años C20'!F18,90.3387703889586,Flujo 5 años C20!F18,0
Flujo 5 años C12 (2),S20,='Flujo 5 años C20'!G18,90.3387703889586,Flujo 5 años C20!G18,0
Flujo 5 años C12 (2),T20,='Flujo 5 años C20'!H18,90.3387703889586,Flujo 5 años C20!H18,0
Flujo 5 años C12 (2),U20,='Flujo 5 años C20'!I18,90.3387703889586,Flujo 5 años C20!I18,0
Flujo 5 años C12 (2),V20,='Flujo 5 años C20'!J18,90.3387703889586,Flujo 5 años C20!J18,0
Flujo 5 años C12 (2),W20,='Flujo 5 años C20'!K18,0,Flujo 5 años C20!K18,0
Flujo 5 años C12 (2),X20,='Flujo 5 años C20'!L18,0,Flujo 5 años C20!L18,0
Flujo 5 años C12 (2),Y20,='Flujo 5 años C20'!M18,0,Flujo 5 años C20!M18,0
Flujo 5 años C12 (2),Z20,=SUM(Q20:Y20),451.693851944793,Flujo 5 años C12 (2)!Q20:Y20,2
Flujo 5 años C12 (2),F21,='Crédito C12'!O9,67.5,Crédito C12!O9,0
Flujo 5 años C12 (2),G21,='Crédito C12'!AA9,180,Crédito C12!AA9,0
Flujo 5 años C12 (2),H21,='Crédito C12'!AM9,412.5,Crédito C12!AM9,0
Flujo 5 años C12 (2),I21,='Crédito C12'!AY9,705,Crédito C12!AY9,0
Flujo 5 años C12 (2),J21,='Crédito C12'!BK9,910,Crédito C12!BK9,0
Flujo 5 años C12 (2),N21,=SUM(E21:M21),2275,Flujo 5 años C12 (2)!E21:M21,2
Flujo 5 años C12 (2),P21,='Flujo 5 años C20'!D19,Costo Financiero Cred. 1,Flujo 5 años C20!D19,0
Flujo 5 años C12 (2),Q21,='Flujo 5 años C20'!E19,0,Flujo 5 años C20!E19,0
Flujo 5 años C12 (2),R21,='Flujo 5 años C20'!F19,67.5,Flujo 5 años C20!F19,0
Flujo 5 años C12 (2),S21,='Flujo 5 años C20'!G19,90,Flujo 5 años C20!G19,0
Flujo 5 años C12 (2),T21,='Flujo 5 años C20'!H19,135,Flujo 5 años C20!H19,0
Flujo 5 años C12 (2),U21,='Flujo 5 años C20'!I19,240,Flujo 5 años C20!I19,0
Flujo 5 años C12 (2),V21,='Flujo 5 años C20'!J19,315,Flujo 5 años C20!J19,0
Flujo 5 años C12 (2),W21,='Flujo 5 años C20'!K19,0,Flujo 5 años C20!K19,0
Flujo 5 años C12 (2),X21,='Flujo 5 años C20'!L19,0,Flujo 5 años C20!L19,0
Flujo 5 años C12 (2),Y21,='Flujo 5 años C20'!M19,0,Flujo 5 años C20!M19,0
Flujo 5 años C12 (2),Z21,=SUM(Q21:Y21),847.5,Flujo 5 años C12 (2)!Q21:Y21,2
Flujo 5 años C12 (2),F22,='Flujo mensual'!P20,70.36862852622146,Flujo mensual!P20,0
Flujo 5 años C12 (2),G22,='Flujo mensual'!$O$20*12,106.05542992352727,Flujo mensual!$O$20,1
Flujo 5 años C12 (2),H22,='Flujo mensual'!$O$20*12,106.05542992352727,Flujo mensual!$O$20,1
Flujo 5 años C12 (2),I22,='Flujo mensual'!$O$20*12,106.05542992352727,Flujo mensual!$O$20,1
Flujo 5 años C12 (2),J22,='Flujo mensual'!$O$20*12,106.05542992352727,Flujo mensual!$O$20,1
Flujo 5 años C12 (2),N22,=SUM(E22:M22),494.5903482203306,Flujo 5 años C12 (2)!E22:M22,2
Flujo 5 años C12 (2),P22,='Flujo 5 años C20'!D20,IVA,Flujo 5 años C20!D20,0
Flujo 5 años C12 (2),Q22,='Flujo 5 años C20'!E20,0,Flujo 5 años C20!E20,0
Flujo 5 años C12 (2),R22,='Flujo 5 años C20'!F20,70.36862852622146,Flujo 5 años C20!F20,0
Flujo 5 años C12 (2),S22,='Flujo 5 años C20'!G20,106.05542992352727,Flujo 5 años C20!G20,0
Flujo 5 años C12 (2),T22,='Flujo 5 años C20'!H20,106.05542992352727,Flujo 5 años C20!H20,0
Flujo 5 años C12 (2),U22,='Flujo 5 años C20'!I20,106.05542992352727,Flujo 5 años C20!I20,0
Flujo 5 años C12 (2),V22,='Flujo 5 años C20'!J20,106.05542992352727,Flujo 5 años C20!J20,0
Flujo 5 años C12 (2),W22,='Flujo 5 años C20'!K20,0,Flujo 5 años C20!K20,0
Flujo 5 años C12 (2),X22,='Flujo 5 años C20'!L20,0,Flujo 5 años C20!L20,0
Flujo 5 años C12 (2),Y22,='Flujo 5 años C20'!M20,0,Flujo 5 años C20!M20,0
Flujo 5 años C12 (2),Z22,=SUM(Q22:Y22),494.5903482203306,Flujo 5 años C12 (2)!Q22:Y22,2
Flujo 5 años C12 (2),Z23,=SUM(Q23:Y23),0,Flujo 5 años C12 (2)!Q23:Y23,2
Flujo 5 años C12 (2),E24,=SUM(E12:E23),1129.2346298619823,Flujo 5 años C12 (2)!E12:E23,2
Flujo 5 años C12 (2),F24,=SUM(F12:F23),7501.095944932687,Flujo 5 años C12 (2)!F12:F23,2
Flujo 5 años C12 (2),G24,=SUM(G12:G23),7247.639838658486,Flujo 5 años C12 (2)!G12:G23,2
Flujo 5 años C12 (2),H24,=SUM(H12:H23),7480.139838658486,Flujo 5 años C12 (2)!H12:H23,2
Flujo 5 años C12 (2),I24,=SUM(I12:I23),7772.639838658486,Flujo 5 años C12 (2)!I12:I23,2
Flujo 5 años C12 (2),J24,=SUM(J12:J23),7977.639838658486,Flujo 5 años C12 (2)!J12:J23,2
Flujo 5 años C12 (2),K24,=SUM(K12:K23),0,Flujo 5 años C12 (2)!K12:K23,2
Flujo 5 años C12 (2),L24,=SUM(L12:L22),0,Flujo 5 años C12 (2)!L12:L22,2
Flujo 5 años C12 (2),M24,=SUM(M12:M22),0,Flujo 5 años C12 (2)!M12:M22,2
Flujo 5 años C12 (2),N24,=SUM(N12:N22),39108.38992942861,Flujo 5 años C12 (2)!N12:N22,2
Flujo 5 años C12 (2),Q24,=SUM(Q12:Q23),1129.2346298619823,Flujo 5 años C12 (2)!Q12:Q23,2
Flujo 5 años C12 (2),R24,=SUM(R12:R23),5599.75431579162,Flujo 5 años C12 (2)!R12:R23,2
Flujo 5 años C12 (2),S24,=SUM(S12:S23),5256.298209517418,Flujo 5 años C12 (2)!S12:S23,2
Flujo 5 años C12 (2),T24,=SUM(T12:T23),5301.298209517418,Flujo 5 años C12 (2)!T12:T23,2
Flujo 5 años C12 (2),U24,=SUM(U12:U23),5406.298209517418,Flujo 5 años C12 (2)!U12:U23,2
Flujo 5 años C12 (2),V24,=SUM(V12:V23),5481.298209517418,Flujo 5 años C12 (2)!V12:V23,2
Flujo 5 años C12 (2),W24,=SUM(W12:W23),0,Flujo 5 años C12 (2)!W12:W23,2
Flujo 5 años C12 (2),X24,=SUM(X12:X23),0,Flujo 5 años C12 (2)!X12:X23,2
Flujo 5 años C12 (2),Y24,=SUM(Y12:Y23),0,Flujo 5 años C12 (2)!Y12:Y23,2
Flujo 5 años C12 (2),Z24,=SUM(Z12:Z23),28174.181783723277,Flujo 5 años C12 (2)!Z12:Z23,2
Flujo 5 años C12 (2),E26,=E9-E24,-1129.2346298619823,Flujo 5 años C12 (2)!E9 ; Flujo 5 años C12 (2)!E24,1
Flujo 5 años C12 (2),F26,=F9-F24,2913.6097831542975,Flujo 5 años C12 (2)!F9 ; Flujo 5 años C12 (2)!F24,1
Flujo 5 años C12 (2),G26,=G9-G24,-4500.19654643141,Flujo 5 años C12 (2)!G9 ; Flujo 5 años C12 (2)!G24,1
Flujo 5 años C12 (2),H26,=H9-H24,-4732.69654643141,Flujo 5 años C12 (2)!H9 ; Flujo 5 años C12 (2)!H24,1
Flujo 5 años C12 (2),I26,=I9-I24,-5025.19654643141,Flujo 5 años C12 (2)!I9 ; Flujo 5 años C12 (2)!I24,1
Flujo 5 años C12 (2),J26,=J9-J24,77832.80345356859,Flujo 5 años C12 (2)!J9 ; Flujo 5 años C12 (2)!J24,1
Flujo 5 años C12 (2),L26,=L9-L24,0,Flujo 5 años C12 (2)!L9 ; Flujo 5 años C12 (2)!L24,1
Flujo 5 años C12 (2),M26,=M9-M24,0,Flujo 5 años C12 (2)!M9 ; Flujo 5 años C12 (2)!M24,1
Flujo 5 años C12 (2),N26,=N9-N24,57052.78896756668,Flujo 5 años C12 (2)!N9 ; Flujo 5 años C12 (2)!N24,1
Flujo 5 años C12 (2),Q26,=Q9-Q24,-1129.2346298619823,Flujo 5 años C12 (2)!Q9 ; Flujo 5 años C12 (2)!Q24,1
Flujo 5 años C12 (2),R26,=R9-R24,4814.951412295365,Flujo 5 años C12 (2)!R9 ; Flujo 5 años C12 (2)!R24,1
Flujo 5 años C12 (2),S26,=S9-S24,-2508.854917290342,Flujo 5 años C12 (2)!S9 ; Flujo 5 años C12 (2)!S24,1
Flujo 5 años C12 (2),T26,=T9-T24,-2553.854917290342,Flujo 5 años C12 (2)!T9 ; Flujo 5 años C12 (2)!T24,1
Flujo 5 años C12 (2),U26,=U9-U24,-2658.854917290342,Flujo 5 años C12 (2)!U9 ; Flujo 5 años C12 (2)!U24,1
Flujo 5 años C12 (2),V26,=V9-V24,72022.84508270965,Flujo 5 años C12 (2)!V9 ; Flujo 5 años C12 (2)!V24,1
Flujo 5 años C12 (2),X26,=X9-X24,0,Flujo 5 años C12 (2)!X9 ; Flujo 5 años C12 (2)!X24,1
Flujo 5 años C12 (2),Y26,=Y9-Y24,0,Flujo 5 años C12 (2)!Y9 ; Flujo 5 años C12 (2)!Y24,1
Flujo 5 años C12 (2),Z26,=SUM(Q26:Y26),67986.99711327201,Flujo 5 años C12 (2)!Q26:Y26,2
Flujo 5 años C12 (2),E27,=E26,-1129.2346298619823,Flujo 5 años C12 (2)!E26,0
Flujo 5 años C12 (2),F27,=E27+F26,1784.3751532923152,Flujo 5 años C12 (2)!E27 ; Flujo 5 años C12 (2)!F26,1
Flujo 5 años C12 (2),G27,=F27+G26,-2715.8213931390947,Flujo 5 años C12 (2)!F27 ; Flujo 5 años C12 (2)!G26,1
Flujo 5 años C12 (2),H27,=G27+H26,-7448.5179395705045,Flujo 5 años C12 (2)!G27 ; Flujo 5 años C12 (2)!H26,1
Flujo 5 años C12 (2),I27,=H27+I26,-12473.714486001914,Flujo 5 años C12 (2)!H27 ; Flujo 5 años C12 (2)!I26,1
Flujo 5 años C12 (2),J27,=I27+J26,65359.08896756667,Flujo 5 años C12 (2)!I27 ; Flujo 5 años C12 (2)!J26,1
Flujo 5 años C12 (2),E29,=E6+E7-E22,0,Flujo 5 años C12 (2)!E6 ; Flujo 5 años C12 (2)!E7 ; Flujo 5 años C12 (2)!E22,2
Flujo 5 años C12 (2),F29,=F6+F7-F22,8265.868210467464,Flujo 5 años C12 (2)!F6 ; Flujo 5 años C12 (2)!F7 ; Flujo 5 años C12 (2)!F22,2
Flujo 5 años C12 (2),G29,=F29-G22,8159.812780543937,Flujo 5 años C12 (2)!F29 ; Flujo 5 años C12 (2)!G22,1
Flujo 5 años C12 (2),H29,=G29-H22,8053.75735062041,Flujo 5 años C12 (2)!G29 ; Flujo 5 años C12 (2)!H22,1
Flujo 5 años C12 (2),I29,=H29-I22,7947.701920696883,Flujo 5 años C12 (2)!H29 ; Flujo 5 años C12 (2)!I22,1
Flujo 5 años C12 (2),N29,=I29-J22,7841.646490773355,Flujo 5 años C12 (2)!I29 ; Flujo 5 años C12 (2)!J22,1
Flujo 5 años C12 (2),Q29,=Q6+Q7-Q22,0,Flujo 5 años C12 (2)!Q6 ; Flujo 5 años C12 (2)!Q7 ; Flujo 5 años C12 (2)!Q22,2
Flujo 5 años C12 (2),R29,=R6+R7-R22,8265.868210467464,Flujo 5 años C12 (2)!R6 ; Flujo 5 años C12 (2)!R7 ; Flujo 5 años C12 (2)!R22,2
Flujo 5 años C12 (2),S29,=R29-S22,8159.812780543937,Flujo 5 años C12 (2)!R29 ; Flujo 5 años C12 (2)!S22,1
Flujo 5 años C12 (2),T29,=S29-T22,8053.75735062041,Flujo 5 años C12 (2)!S29 ; Flujo 5 años C12 (2)!T22,1
Flujo 5 años C12 (2),U29,=T29-U22,7947.701920696883,Flujo 5 años C12 (2)!T29 ; Flujo 5 años C12 (2)!U22,1
Flujo 5 años C12 (2),Z29,=U29-V22,7841.646490773355,Flujo 5 años C12 (2)!U29 ; Flujo 5 años C12 (2)!V22,1
Flujo 5 años C12 (2),N30,='Crédito Comercial 12A'!K67,39135.24833270402,Crédito Comercial 12A!K67,0
Flujo 5 años C12 (2),Z30,='Crédito Comercial 20A'!K67,49910.481361046586,Crédito Comercial 20A!K67,0
Flujo 5 años C12 (2),N32,=SUM(E32:J32),13000,Flujo 5 años C12 (2)!E32:J32,2
Flujo 5 años C12 (2),Q32,='Flujo 5 años C20'!E30,1500,Flujo 5 años C20!E30,0
Flujo 5 años C12 (2),R32,='Flujo 5 años C20'!F30,0,Flujo 5 años C20!F30,0
Flujo 5 años C12 (2),S32,='Flujo 5 años C20'!G30,0,Flujo 5 años C20!G30,0
Flujo 5 años C12 (2),T32,='Flujo 5 años C20'!H30,1000,Flujo 5 años C20!H30,0
Flujo 5 años C12 (2),U32,='Flujo 5 años C20'!I30,2000,Flujo 5 años C20!I30,0
Flujo 5 años C12 (2),V32,='Flujo 5 años C20'!J30,0,Flujo 5 años C20!J30,0
Flujo 5 años C12 (2),W32,='Flujo 5 años C20'!K30,0,Flujo 5 años C20!K30,0
Flujo 5 años C12 (2),X32,='Flujo 5 años C20'!L30,0,Flujo 5 años C20!L30,0
Flujo 5 años C12 (2),Y32,='Flujo 5 años C20'!M30,0,Flujo 5 años C20!M30,0
Flujo 5 años C12 (2),Z32,=SUM(Q32:Y32),4500,Flujo 5 años C12 (2)!Q32:Y32,2
Flujo 5 años C12 (2),L33,=-N32,-13000,Flujo 5 años C12 (2)!N32,1
Flujo 5 años C12 (2),N33,=-N32,-13000,Flujo 5 años C12 (2)!N32,1
Flujo 5 años C12 (2),Q33,='Flujo 5 años C20'!E31,0,Flujo 5 años C20!E31,0
Flujo 5 años C12 (2),R33,='Flujo 5 años C20'!F31,0,Flujo 5 años C20!F31,0
Flujo 5 años C12 (2),S33,='Flujo 5 años C20'!G31,0,Flujo 5 años C20!G31,0
Flujo 5 años C12 (2),T33,='Flujo 5 años C20'!H31,0,Flujo 5 años C20!H31,0
Flujo 5 años C12 (2),U33,='Flujo 5 años C20'!I31,0,Flujo 5 años C20!I31,0
Flujo 5 años C12 (2),V33,='Flujo 5 años C20'!J31,0,Flujo 5 años C20!J31,0
Flujo 5 años C12 (2),W33,='Flujo 5 años C20'!K31,0,Flujo 5 años C20!K31,0
Flujo 5 años C12 (2),X33,='Flujo 5 años C20'!L31,-4500,Flujo 5 años C20!L31,0
Flujo 5 años C12 (2),Y33,='Flujo 5 años C20'!M31,0,Flujo 5 años C20!M31,0
Flujo 5 años C12 (2),Z33,=SUM(Q33:Y33),-4500,Flujo 5 años C12 (2)!Q33:Y33,2
Flujo 5 años C12 (2),M34,=-L38,-18382.194144089295,Flujo 5 años C12 (2)!L38,1
Flujo 5 años C12 (2),E35,=SUM(E32:E34),1000,Flujo 5 años C12 (2)!E32:E34,2
Flujo 5 años C12 (2),F35,=SUM(F32:F34),0,Flujo 5 años C12 (2)!F32:F34,2
Flujo 5 años C12 (2),G35,=SUM(G32:G34),3000,Flujo 5 años C12 (2)!G32:G34,2
Flujo 5 años C12 (2),H35,=SUM(H32:H34),4500,Flujo 5 años C12 (2)!H32:H34,2
Flujo 5 años C12 (2),I35,=SUM(I32:I34),4500,Flujo 5 años C12 (2)!I32:I34,2
Flujo 5 años C12 (2),J35,=SUM(J32:J34),0,Flujo 5 años C12 (2)!J32:J34,2
Flujo 5 años C12 (2),L35,=SUM(L32:L34),-13000,Flujo 5 años C12 (2)!L32:L34,2
Flujo 5 años C12 (2),M35,=SUM(M32:M34),-18382.194144089295,Flujo 5 años C12 (2)!M32:M34,2
Flujo 5 años C12 (2),N35,=SUM(N32:N34),0,Flujo 5 años C12 (2)!N32:N34,2
Flujo 5 años C12 (2),E37,=+E27+E35,-129.23462986198228,Flujo 5 años C12 (2)!E27 ; Flujo 5 años C12 (2)!E35,2
Flujo 5 años C12 (2),F37,=+F26+F35,2913.6097831542975,Flujo 5 años C12 (2)!F26 ; Flujo 5 años C12 (2)!F35,2
Flujo 5 años C12 (2),G37,=+G26+G35,-1500.1965464314098,Flujo 5 años C12 (2)!G26 ; Flujo 5 años C12 (2)!G35,2
Flujo 5 años C12 (2),H37,=+H26+H35,-232.69654643140984,Flujo 5 años C12 (2)!H26 ; Flujo 5 años C12 (2)!H35,2
Flujo 5 años C12 (2),I37,=+I26+I35,-525.1965464314098,Flujo 5 años C12 (2)!I26 ; Flujo 5 años C12 (2)!I35,2
Flujo 5 años C12 (2),J37,=+J26-N29-N30+J35,30855.90863009121,Flujo 5 años C12 (2)!J26 ; Flujo 5 años C12 (2)!N29 ; Flujo 5 años C12 (2)!N30 ; Flujo 5 años C12 (2)!J35,4
Flujo 5 años C12 (2),L37,=+L26+L35-L29-L30,-13000,Flujo 5 años C12 (2)!L26 ; Flujo 5 años C12 (2)!L35 ; Flujo 5 años C12 (2)!L29 ; Flujo 5 años C12 (2)!L30,4
Flujo 5 años C12 (2),M37,=+M26+M35-M29-M30,-18382.194144089295,Flujo 5 años C12 (2)!M26 ; Flujo 5 años C12 (2)!M35 ; Flujo 5 años C12 (2)!M29 ; Flujo 5 años C12 (2)!M30,4
Flujo 5 años C12 (2),N37,=SUM(E37:M37),0,Flujo 5 años C12 (2)!E37:M37,2
Flujo 5 años C12 (2),E38,=+E37,-129.23462986198228,Flujo 5 años C12 (2)!E37,1
Flujo 5 años C12 (2),F38,=+F37+E38,2784.375153292315,Flujo 5 años C12 (2)!F37 ; Flujo 5 años C12 (2)!E38,2
Flujo 5 años C12 (2),G38,=+G37+F38,1284.1786068609053,Flujo 5 años C12 (2)!G37 ; Flujo 5 años C12 (2)!F38,2
Flujo 5 años C12 (2),H38,=+H37+G38,1051.4820604294955,Flujo 5 años C12 (2)!H37 ; Flujo 5 años C12 (2)!G38,2
Flujo 5 años C12 (2),I38,=+I37+H38,526.2855139980857,Flujo 5 años C12 (2)!I37 ; Flujo 5 años C12 (2)!H38,2
Flujo 5 años C12 (2),J38,=+J37+I38,31382.194144089295,Flujo 5 años C12 (2)!J37 ; Flujo 5 años C12 (2)!I38,2
Flujo 5 años C12 (2),L38,=+L37+J38,18382.194144089295,Flujo 5 años C12 (2)!L37 ; Flujo 5 años C12 (2)!J38,2
Flujo 5 años C12 (2),M38,=+M37+L38,0,Flujo 5 años C12 (2)!M37 ; Flujo 5 años C12 (2)!L38,2
Flujo 5 años C12 (2),M40,=+J27-N29-N30,18382.1941440893,Flujo 5 años C12 (2)!J27 ; Flujo 5 años C12 (2)!N29 ; Flujo 5 años C12 (2)!N30,3
Flujo 5 años C12 (2),N40,=N26-N29-N30,10075.89414408931,Flujo 5 años C12 (2)!N26 ; Flujo 5 años C12 (2)!N29 ; Flujo 5 años C12 (2)!N30,2
Flujo 5 años C12 (2),Q40,='Flujo 5 años C20'!E38,0,Flujo 5 años C20!E38,0
Flujo 5 años C12 (2),R40,='Flujo 5 años C20'!F38,0,Flujo 5 años C20!F38,0
Flujo 5 años C12 (2),S40,='Flujo 5 años C20'!G38,0,Flujo 5 años C20!G38,0
Flujo 5 años C12 (2),T40,='Flujo 5 años C20'!H38,0,Flujo 5 años C20!H38,0
Flujo 5 años C12 (2),U40,='Flujo 5 años C20'!I38,0,Flujo 5 años C20!I38,0
Flujo 5 años C12 (2),V40,='Flujo 5 años C20'!J38,0,Flujo 5 años C20!J38,0
Flujo 5 años C12 (2),W40,='Flujo 5 años C20'!K38,0,Flujo 5 años C20!K38,0
Flujo 5 años C12 (2),X40,='Flujo 5 años C20'!L38,0,Flujo 5 años C20!L38,0
Flujo 5 años C12 (2),Y40,='Flujo 5 años C20'!M38,10234.86926145207,Flujo 5 años C20!M38,0
Flujo 5 años C12 (2),Z40,=Z26-Z29-Z30,10234.86926145207,Flujo 5 años C12 (2)!Z26 ; Flujo 5 años C12 (2)!Z29 ; Flujo 5 años C12 (2)!Z30,2
Flujo 5 años C20,F3,='Flujo mensual'!P4,2078.4688890933003,Flujo mensual!P4,0
Flujo 5 años C20,G3,='Flujo mensual'!$O$4*12*0.9,2747.443292227076,Flujo mensual!$O$4,2
Flujo 5 años C20,H3,='Flujo mensual'!$O$4*12*0.9,2747.443292227076,Flujo mensual!$O$4,2
Flujo 5 años C20,I3,='Flujo mensual'!$O$4*12*0.9,2747.443292227076,Flujo mensual!$O$4,2
Flujo 5 años C20,J3,='Flujo mensual'!$O$4*12*0.9,2747.443292227076,Flujo mensual!$O$4,2
Flujo 5 años C20,N3,=SUM(F3:M3),13068.242058001604,Flujo 5 años C20!F3:M3,2
Flujo 5 años C20,F4,='Flujo mensual'!G5,178.79548306148055,Flujo mensual!G5,0
Flujo 5 años C20,N4,=SUM(F4:M4),178.79548306148055,Flujo 5 años C20!F4:M4,2
Flujo 5 años C20,F5,='Flujo mensual'!G6,8157.441355932205,Flujo mensual!G6,0
Flujo 5 años C20,N5,=SUM(F5:M5),8157.441355932205,Flujo 5 años C20!F5:M5,2
Flujo 5 años C20,J6,='IVA Dptos'!AD23*0.9,74756.7,IVA Dptos!AD23,1
Flujo 5 años C20,N6,=SUM(F6:M6),74756.7,Flujo 5 años C20!F6:M6,2
Flujo 5 años C20,E7,=SUM(E3:E6),0,Flujo 5 años C20!E3:E6,2
Flujo 5 años C20,F7,=SUM(F3:F6),10414.705728086985,Flujo 5 años C20!F3:F6,2
Flujo 5 años C20,G7,=SUM(G3:G6),2747.443292227076,Flujo 5 años C20!G3:G6,2
Flujo 5 años C20,H7,=SUM(H3:H6),2747.443292227076,Flujo 5 años C20!H3:H6,2
Flujo 5 años C20,I7,=SUM(I3:I6),2747.443292227076,Flujo 5 años C20!I3:I6,2
Flujo 5 años C20,J7,=SUM(J3:J6),77504.14329222708,Flujo 5 años C20!J3:J6,2
Flujo 5 años C20,K7,=SUM(K3:K6),0,Flujo 5 años C20!K3:K6,2
Flujo 5 años C20,L7,=SUM(L3:L6),0,Flujo 5 años C20!L3:L6,2
Flujo 5 años C20,M7,=SUM(M3:M6),0,Flujo 5 años C20!M3:M6,2
Flujo 5 años C20,N7,=SUM(N3:N6),96161.17889699529,Flujo 5 años C20!N3:N6,2
Flujo 5 años C20,E10,='Flujo mensual'!C11,941.0288582183186,Flujo mensual!C11,0
Flujo 5 años C20,N10,=SUM(E10:M10),941.0288582183186,Flujo 5 años C20!E10:M10,2
Flujo 5 años C20,F11,='Flujo mensual'!$P$12,30.1129234629862,Flujo mensual!$P$12,0
Flujo 5 años C20,G11,='Flujo mensual'!$P$12,30.1129234629862,Flujo mensual!$P$12,0
Flujo 5 años C20,H11,='Flujo mensual'!$P$12,30.1129234629862,Flujo mensual!$P$12,0
Flujo 5 años C20,I11,='Flujo mensual'!$P$12,30.1129234629862,Flujo mensual!$P$12,0
Flujo 5 años C20,J11,='Flujo mensual'!$P$12,30.1129234629862,Flujo mensual!$P$12,0
Flujo 5 años C20,N11,=SUM(E11:M11),150.56461731493098,Flujo 5 años C20!E11:M11,2
Flujo 5 años C20,E12,='Crédito Comercial 12A'!D10,0,Crédito Comercial 12A!D10,0
Flujo 5 años C20,N12,=SUM(E12:M12),0,Flujo 5 años C20!E12:M12,2
Flujo 5 años C20,F13,=-'Crédito Comercial 20A'!$H$8*12,4736.266868150198,Crédito Comercial 20A!$H$8,2
Flujo 5 años C20,G13,=-'Crédito Comercial 20A'!$H$8*12,4736.266868150198,Crédito Comercial 20A!$H$8,2
Flujo 5 años C20,H13,=-'Crédito Comercial 20A'!$H$8*12,4736.266868150198,Crédito Comercial 20A!$H$8,2
Flujo 5 años C20,I13,=-'Crédito Comercial 20A'!$H$8*12,4736.266868150198,Crédito Comercial 20A!$H$8,2
Flujo 5 años C20,J13,=-'Crédito Comercial 20A'!$H$8*12,4736.266868150198,Crédito Comercial 20A!$H$8,2
Flujo 5 años C20,N13,=SUM(E13:M13),23681.33434075099,Flujo 5 años C20!E13:M13,2
Flujo 5 años C20,E14,='Flujo mensual'!P14,188.20577164366375,Flujo mensual!P14,0
Flujo 5 años C20,N14,=SUM(E14:M14),188.20577164366375,Flujo 5 años C20!E14:M14,2
Flujo 5 años C20,F15,='Flujo mensual'!P15,134.6059640157063,Flujo mensual!P15,0
Flujo 5 años C20,N15,=SUM(E15:M15),134.6059640157063,Flujo 5 años C20!E15:M15,2
Flujo 5 años C20,F16,='Flujo mensual'!P16,317.2898368883313,Flujo mensual!P16,0
Flujo 5 años C20,N16,=SUM(E16:M16),317.2898368883313,Flujo 5 años C20!E16:M16,2
Flujo 5 años C20,F17,='Flujo mensual'!P17,153.2713243592176,Flujo mensual!P17,0
Flujo 5 años C20,G17,='Flujo mensual'!$O$17*12*0.9,203.52421759174794,Flujo mensual!$O$17,2
Flujo 5 años C20,H17,='Flujo mensual'!$O$17*12*0.9,203.52421759174794,Flujo mensual!$O$17,2
Flujo 5 años C20,I17,='Flujo mensual'!$O$17*12*0.9,203.52421759174794,Flujo mensual!$O$17,2
Flujo 5 años C20,J17,='Flujo mensual'!$O$17*12*0.9,203.52421759174794,Flujo mensual!$O$17,2
Flujo 5 años C20,N17,=SUM(E17:M17),967.3681947262095,Flujo 5 años C20!E17:M17,2
Flujo 5 años C20,F18,='Flujo mensual'!$P$19,90.3387703889586,Flujo mensual!$P$19,0
Flujo 5 años C20,G18,='Flujo mensual'!$P$19,90.3387703889586,Flujo mensual!$P$19,0
Flujo 5 años C20,H18,='Flujo mensual'!$P$19,90.3387703889586,Flujo mensual!$P$19,0
Flujo 5 años C20,I18,='Flujo mensual'!$P$19,90.3387703889586,Flujo mensual!$P$19,0
Flujo 5 años C20,J18,='Flujo mensual'!$P$19,90.3387703889586,Flujo mensual!$P$19,0
Flujo 5 años C20,N18,=SUM(E18:M18),451.693851944793,Flujo 5 años C20!E18:M18,2
Flujo 5 años C20,F19,='Crédito C20'!O9,67.5,Crédito C20!O9,0
Flujo 5 años C20,G19,='Crédito C20'!AA9,90,Crédito C20!AA9,0
Flujo 5 años C20,H19,='Crédito C20'!AM9,135,Crédito C20!AM9,0
Flujo 5 años C20,I19,='Crédito C20'!AY9,240,Crédito C20!AY9,0
Flujo 5 años C20,J19,='Crédito C20'!BK9,315,Crédito C20!BK9,0
Flujo 5 años C20,N19,=SUM(E19:M19),847.5,Flujo 5 años C20!E19:M19,2
Flujo 5 años C20,F20,='Flujo mensual'!P20,70.36862852622146,Flujo mensual!P20,0
Flujo 5 años C20,G20,='Flujo mensual'!$O$20*12,106.05542992352727,Flujo mensual!$O$20,1
Flujo 5 años C20,H20,='Flujo mensual'!$O$20*12,106.05542992352727,Flujo mensual!$O$20,1
Flujo 5 años C20,I20,='Flujo mensual'!$O$20*12,106.05542992352727,Flujo mensual!$O$20,1
Flujo 5 años C20,J20,='Flujo mensual'!$O$20*12,106.05542992352727,Flujo mensual!$O$20,1
Flujo 5 años C20,N20,=SUM(E20:M20),494.5903482203306,Flujo 5 años C20!E20:M20,2
Flujo 5 años C20,E22,=SUM(E10:E21),1129.2346298619823,Flujo 5 años C20!E10:E21,2
Flujo 5 años C20,F22,=SUM(F10:F21),5599.75431579162,Flujo 5 años C20!F10:F21,2
Flujo 5 años C20,G22,=SUM(G10:G21),5256.298209517418,Flujo 5 años C20!G10:G21,2
Flujo 5 años C20,H22,=SUM(H10:H21),5301.298209517418,Flujo 5 años C20!H10:H21,2
Flujo 5 años C20,I22,=SUM(I10:I21),5406.298209517418,Flujo 5 años C20!I10:I21,2
Flujo 5 años C20,J22,=SUM(J10:J21),5481.298209517418,Flujo 5 años C20!J10:J21,2
Flujo 5 años C20,K22,=SUM(K10:K21),0,Flujo 5 años C20!K10:K21,2
Flujo 5 años C20,L22,=SUM(L10:L20),0,Flujo 5 años C20!L10:L20,2
Flujo 5 años C20,M22,=SUM(M10:M20),0,Flujo 5 años C20!M10:M20,2
Flujo 5 años C20,N22,=SUM(N10:N20),28174.181783723277,Flujo 5 años C20!N10:N20,2
Flujo 5 años C20,E24,=E7-E22,-1129.2346298619823,Flujo 5 años C20!E7 ; Flujo 5 años C20!E22,1
Flujo 5 años C20,F24,=F7-F22,4814.951412295365,Flujo 5 años C20!F7 ; Flujo 5 años C20!F22,1
Flujo 5 años C20,G24,=G7-G22,-2508.854917290342,Flujo 5 años C20!G7 ; Flujo 5 años C20!G22,1
Flujo 5 años C20,H24,=H7-H22,-2553.854917290342,Flujo 5 años C20!H7 ; Flujo 5 años C20!H22,1
Flujo 5 años C20,I24,=I7-I22,-2658.854917290342,Flujo 5 años C20!I7 ; Flujo 5 años C20!I22,1
Flujo 5 años C20,J24,=J7-J22,72022.84508270965,Flujo 5 años C20!J7 ; Flujo 5 años C20!J22,1
Flujo 5 años C20,L24,=L7-L22,0,Flujo 5 años C20!L7 ; Flujo 5 años C20!L22,1
Flujo 5 años C20,M24,=M7-M22,0,Flujo 5 años C20!M7 ; Flujo 5 años C20!M22,1
Flujo 5 años C20,N24,=SUM(E24:M24),67986.99711327201,Flujo 5 años C20!E24:M24,2
Flujo 5 años C20,E25,=E24,-1129.2346298619823,Flujo 5 años C20!E24,0
Flujo 5 años C20,F25,=E25+F24,3685.716782433383,Flujo 5 años C20!E25 ; Flujo 5 años C20!F24,1
Flujo 5 años C20,G25,=F25+G24,1176.8618651430406,Flujo 5 años C20!F25 ; Flujo 5 años C20!G24,1
Flujo 5 años C20,H25,=G25+H24,-1376.9930521473016,Flujo 5 años C20!G25 ; Flujo 5 años C20!H24,1
Flujo 5 años C20,I25,=H25+I24,-4035.8479694376438,Flujo 5 años C20!H25 ; Flujo 5 años C20!I24,1
Flujo 5 años C20,J25,=I25+J24,67986.99711327201,Flujo 5 años C20!I25 ; Flujo 5 años C20!J24,1
Flujo 5 años C20,E27,=E4+E5-E20,0,Flujo 5 años C20!E4 ; Flujo 5 años C20!E5 ; Flujo 5 años C20!E20,2
Flujo 5 años C20,F27,=F4+F5-F20,8265.868210467464,Flujo 5 años C20!F4 ; Flujo 5 años C20!F5 ; Flujo 5 años C20!F20,2
Flujo 5 años C20,G27,=F27-G20,8159.812780543937,Flujo 5 años C20!F27 ; Flujo 5 años C20!G20,1
Flujo 5 años C20,H27,=G27-H20,8053.75735062041,Flujo 5 años C20!G27 ; Flujo 5 años C20!H20,1
Flujo 5 años C20,I27,=H27-I20,7947.701920696883,Flujo 5 años C20!H27 ; Flujo 5 años C20!I20,1
Flujo 5 años C20,J27,=I27-J20,7841.646490773355,Flujo 5 años C20!I27 ; Flujo 5 años C20!J20,1
Flujo 5 años C20,J28,='Crédito Comercial 20A'!K67,49910.481361046586,Crédito Comercial 20A!K67,0
Flujo 5 años C20,N30,=SUM(E30:J30),4500,Flujo 5 años C20!E30:J30,2
Flujo 5 años C20,L31,=-N30,-4500,Flujo 5 años C20!N30,1
Flujo 5 años C20,M32,=-L36,-10234.86926145207,Flujo 5 años C20!L36,1
Flujo 5 años C20,E33,=SUM(E30:E32),1500,Flujo 5 años C20!E30:E32,2
Flujo 5 años C20,F33,=SUM(F30:F32),0,Flujo 5 años C20!F30:F32,2
Flujo 5 años C20,G33,=SUM(G30:G32),0,Flujo 5 años C20!G30:G32,2
Flujo 5 años C20,H33,=SUM(H30:H32),1000,Flujo 5 años C20!H30:H32,2
Flujo 5 años C20,I33,=SUM(I30:I32),2000,Flujo 5 años C20!I30:I32,2
Flujo 5 años C20,J33,=SUM(J30:J32),0,Flujo 5 años C20!J30:J32,2
Flujo 5 años C20,L33,=SUM(L30:L32),-4500,Flujo 5 años C20!L30:L32,2
Flujo 5 años C20,M33,=SUM(M30:M32),-10234.86926145207,Flujo 5 años C20!M30:M32,2
Flujo 5 años C20,N33,=SUM(N30:N32),4500,Flujo 5 años C20!N30:N32,2
Flujo 5 años C20,E35,=+E25+E33,370.7653701380177,Flujo 5 años C20!E25 ; Flujo 5 años C20!E33,2
Flujo 5 años C20,F35,=+F24+F33,4814.951412295365,Flujo 5 años C20!F24 ; Flujo 5 años C20!F33,2
Flujo 5 años C20,G35,=+G24+G33,-2508.854917290342,Flujo 5 años C20!G24 ; Flujo 5 años C20!G33,2
Flujo 5 años C20,H35,=+H24+H33,-1553.8549172903422,Flujo 5 años C20!H24 ; Flujo 5 años C20!H33,2
Flujo 5 años C20,I35,=+I24+I33,-658.8549172903422,Flujo 5 años C20!I24 ; Flujo 5 años C20!I33,2
Flujo 5 años C20,J35,=+J24-J27-J28+J33,14270.717230889713,Flujo 5 años C20!J24 ; Flujo 5 años C20!J27 ; Flujo 5 años C20!J28 ; Flujo 5 años C20!J33,4
Flujo 5 años C20,L35,=+L24+L33-L27-L28,-4500,Flujo 5 años C20!L24 ; Flujo 5 años C20!L33 ; Flujo 5 años C20!L27 ; Flujo 5 años C20!L28,4
Flujo 5 años C20,M35,=+M24+M33-M27-M28,-10234.86926145207,Flujo 5 años C20!M24 ; Flujo 5 años C20!M33 ; Flujo 5 años C20!M27 ; Flujo 5 años C20!M28,4
Flujo 5 años C20,N35,=SUM(E35:M35),0,Flujo 5 años C20!E35:M35,2
Flujo 5 años C20,E36,=+E35,370.7653701380177,Flujo 5 años C20!E35,1
Flujo 5 años C20,F36,=+F35+E36,5185.716782433383,Flujo 5 años C20!F35 ; Flujo 5 años C20!E36,2
Flujo 5 años C20,G36,=+G35+F36,2676.8618651430406,Flujo 5 años C20!G35 ; Flujo 5 años C20!F36,2
Flujo 5 años C20,H36,=+H35+G36,1123.0069478526984,Flujo 5 años C20!H35 ; Flujo 5 años C20!G36,2
Flujo 5 años C20,I36,=+I35+H36,464.15203056235623,Flujo 5 años C20!I35 ; Flujo 5 años C20!H36,2
Flujo 5 años C20,J36,=+J35+I36,14734.86926145207,Flujo 5 años C20!J35 ; Flujo 5 años C20!I36,2
Flujo 5 años C20,L36,=+L35+J36,10234.86926145207,Flujo 5 años C20!L35 ; Flujo 5 años C20!J36,2
Flujo 5 años C20,M36,=+M35+L36,0,Flujo 5 años C20!M35 ; Flujo 5 años C20!L36,2
Flujo 5 años C20,M38,=+J25-J27-J28,10234.86926145207,Flujo 5 años C20!J25 ; Flujo 5 años C20!J27 ; Flujo 5 años C20!J28,3
